Time(h),pci_0,pci_1,pci_2,pci_3,pci_4,pci_5,pci_6,pci_7,pci_8,pci_9,pci_10,pci_11,pci_12,pci_13,pci_14,pci_15,pci_16,pci_17,pci_18,pci_19,pci_20,pci_21,pci_22,pci_23,pci_24,pci_25,pci_26,pci_27,pci_28,pci_29,pci_30,pci_31,pci_32,pci_33,pci_34,pci_35,pci_36,pci_37,pci_38,pci_39,pci_40,pci_41,pci_42,pci_43,pci_44,pci_45,pci_46,pci_47,pci_48,pci_49,pci_50,pci_51,pci_52,pci_53,pci_54,pci_55
14.05668105787701077,30.0,20,20,20,20,20,20,20,20,20,20,20,20,20,20,20,20,20,20,20,20,20,20,20,20,20,20,20,20,20,20,20,20,20,20,20,20,20,20,20,20,20,20,20,20,20,20,20,20,20,20,20,20,20,20,20
14.056686007115576004,30.0,20,20,20,20,20,20,20,20,20,20,20,20,20,20,20,20,20,20,20,20,20,20,20,20,20,20,19.0,20,20,20,20,20,20,20,20,20,20,20,20,20,20,20,20,20,20,20,20,20,20,20,20,20,20,20,20
14.06283601019117567,30.0,0.0,20,20,20,20,20,20,20,20,20,20,20,20,20,20,20,20,20,20,20,20,20,20,20,20,20,19.0,20,20,20,20,20,20,20,20,20,20,20,20,20,20,20,20,20,20,20,20,20,20,20,20,20,20,20,20
14.06283693618244594,30.0,0.0,0.0,20,20,20,20,20,20,20,20,20,20,20,20,20,20,20,20,20,20,20,20,20,20,20,20,19.0,20,20,20,20,20,20,20,20,20,20,20,20,20,20,20,20,20,20,20,20,20,20,20,20,20,20,20,20
14.06283855617046356,30.0,0.0,0.0,0.0,20,20,20,20,20,20,20,20,20,20,20,20,20,20,20,20,20,20,20,20,20,20,20,19.0,20,20,20,20,20,20,20,20,20,20,20,20,20,20,20,20,20,20,20,20,20,20,20,20,20,20,20,20
14.06283873372607761,30.0,0.0,0.0,0.0,0.0,20,20,20,20,20,20,20,20,20,20,20,20,20,20,20,20,20,20,20,20,20,20,19.0,20,20,20,20,20,20,20,20,20,20,20,20,20,20,20,20,20,20,20,20,20,20,20,20,20,20,20,20
14.06283896605173747,30.0,0.0,0.0,0.0,0.0,0.0,20,20,20,20,20,20,20,20,20,20,20,20,20,20,20,20,20,20,20,20,20,19.0,20,20,20,20,20,20,20,20,20,20,20,20,20,20,20,20,20,20,20,20,20,20,20,20,20,20,20,20
14.06283920745054881,30.0,0.0,0.0,0.0,0.0,0.0,0.0,20,20,20,20,20,20,20,20,20,20,20,20,20,20,20,20,20,20,20,20,19.0,20,20,20,20,20,20,20,20,20,20,20,20,20,20,20,20,20,20,20,20,20,20,20,20,20,20,20,20
14.06283926486968994,30.0,0.0,0.0,0.0,0.0,0.0,0.0,0.0,20,20,20,20,20,20,20,20,20,20,20,20,20,20,20,20,20,20,20,19.0,20,20,20,20,20,20,20,20,20,20,20,20,20,20,20,20,20,20,20,20,20,20,20,20,20,20,20,20
14.06283929400973849,30.0,0.0,0.0,0.0,0.0,0.0,0.0,0.0,0.0,20,20,20,20,20,20,20,20,20,20,20,20,20,20,20,20,20,20,19.0,20,20,20,20,20,20,20,20,20,20,20,20,20,20,20,20,20,20,20,20,20,20,20,20,20,20,20,20
14.06283931924237145,30.0,0.0,0.0,0.0,0.0,0.0,0.0,0.0,0.0,0.0,20,20,20,20,20,20,20,20,20,20,20,20,20,20,20,20,20,19.0,20,20,20,20,20,20,20,20,20,20,20,20,20,20,20,20,20,20,20,20,20,20,20,20,20,20,20,20
14.06283971110979716,30.0,0.0,0.0,0.0,0.0,0.0,0.0,0.0,0.0,0.0,0.0,20,20,20,20,20,20,20,20,20,20,20,20,20,20,20,20,19.0,20,20,20,20,20,20,20,20,20,20,20,20,20,20,20,20,20,20,20,20,20,20,20,20,20,20,20,20
14.06284016145600213,30.0,0.0,0.0,0.0,0.0,0.0,0.0,0.0,0.0,0.0,0.0,0.0,20,20,20,20,20,20,20,20,20,20,20,20,20,20,20,19.0,20,20,20,20,20,20,20,20,20,20,20,20,20,20,20,20,20,20,20,20,20,20,20,20,20,20,20,20
14.06284023927317725,30.0,0.0,0.0,0.0,0.0,0.0,0.0,0.0,0.0,0.0,0.0,0.0,0.0,20,20,20,20,20,20,20,20,20,20,20,20,20,20,19.0,20,20,20,20,20,20,20,20,20,20,20,20,20,20,20,20,20,20,20,20,20,20,20,20,20,20,20,20
14.06284027907583449,30.0,0.0,0.0,0.0,0.0,0.0,0.0,0.0,0.0,0.0,0.0,0.0,0.0,0.0,20,20,20,20,20,20,20,20,20,20,20,20,20,19.0,20,20,20,20,20,20,20,20,20,20,20,20,20,20,20,20,20,20,20,20,20,20,20,20,20,20,20,20
14.06284180018636916,30.0,0.0,0.0,0.0,0.0,0.0,0.0,0.0,0.0,0.0,0.0,0.0,0.0,0.0,0.0,20,20,20,20,20,20,20,20,20,20,20,20,19.0,20,20,20,20,20,20,20,20,20,20,20,20,20,20,20,20,20,20,20,20,20,20,20,20,20,20,20,20
14.0628427094883389,30.0,0.0,0.0,0.0,0.0,0.0,0.0,0.0,0.0,0.0,0.0,0.0,0.0,0.0,0.0,0.0,20,20,20,20,20,20,20,20,20,20,20,19.0,20,20,20,20,20,20,20,20,20,20,20,20,20,20,20,20,20,20,20,20,20,20,20,20,20,20,20,20
14.06284322672420078,30.0,0.0,0.0,0.0,0.0,0.0,0.0,0.0,0.0,0.0,0.0,0.0,0.0,0.0,0.0,0.0,0.0,20,20,20,20,20,20,20,20,20,20,19.0,20,20,20,20,20,20,20,20,20,20,20,20,20,20,20,20,20,20,20,20,20,20,20,20,20,20,20,20
14.0628433049387402,30.0,0.0,0.0,0.0,0.0,0.0,0.0,0.0,0.0,0.0,0.0,0.0,0.0,0.0,0.0,0.0,0.0,0.0,20,20,20,20,20,20,20,20,20,19.0,20,20,20,20,20,20,20,20,20,20,20,20,20,20,20,20,20,20,20,20,20,20,20,20,20,20,20,20
14.06284446550740136,30.0,0.0,0.0,0.0,0.0,0.0,0.0,0.0,0.0,0.0,0.0,0.0,0.0,0.0,0.0,0.0,0.0,0.0,0.0,20,20,20,20,20,20,20,20,19.0,20,20,20,20,20,20,20,20,20,20,20,20,20,20,20,20,20,20,20,20,20,20,20,20,20,20,20,20
14.0628459953599506,30.0,0.0,0.0,0.0,0.0,0.0,0.0,0.0,0.0,0.0,0.0,0.0,0.0,0.0,0.0,0.0,0.0,0.0,0.0,0.0,20,20,20,20,20,20,20,19.0,20,20,20,20,20,20,20,20,20,20,20,20,20,20,20,20,20,20,20,20,20,20,20,20,20,20,20,20
14.06284617020024194,30.0,0.0,0.0,0.0,0.0,0.0,0.0,0.0,0.0,0.0,0.0,0.0,0.0,0.0,0.0,0.0,0.0,0.0,0.0,0.0,0.0,20,20,20,20,20,20,19.0,20,20,20,20,20,20,20,20,20,20,20,20,20,20,20,20,20,20,20,20,20,20,20,20,20,20,20,20
14.06284621304935879,30.0,0.0,0.0,0.0,0.0,0.0,0.0,0.0,0.0,0.0,0.0,0.0,0.0,0.0,0.0,0.0,0.0,0.0,0.0,0.0,0.0,0.0,20,20,20,20,20,19.0,20,20,20,20,20,20,20,20,20,20,20,20,20,20,20,20,20,20,20,20,20,20,20,20,20,20,20,20
14.06284662769900427,30.0,0.0,0.0,0.0,0.0,0.0,0.0,0.0,0.0,0.0,0.0,0.0,0.0,0.0,0.0,0.0,0.0,0.0,0.0,0.0,0.0,0.0,0.0,20,20,20,20,19.0,20,20,20,20,20,20,20,20,20,20,20,20,20,20,20,20,20,20,20,20,20,20,20,20,20,20,20,20
14.06284784469339583,30.0,0.0,0.0,0.0,0.0,0.0,0.0,0.0,0.0,0.0,0.0,0.0,0.0,0.0,0.0,0.0,0.0,0.0,0.0,0.0,0.0,0.0,0.0,0.0,20,20,20,19.0,20,20,20,20,20,20,20,20,20,20,20,20,20,20,20,20,20,20,20,20,20,20,20,20,20,20,20,20
14.0628479869498147,30.0,0.0,0.0,0.0,0.0,0.0,0.0,0.0,0.0,0.0,0.0,0.0,0.0,0.0,0.0,0.0,0.0,0.0,0.0,0.0,0.0,0.0,0.0,0.0,0.0,20,20,19.0,20,20,20,20,20,20,20,20,20,20,20,20,20,20,20,20,20,20,20,20,20,20,20,20,20,20,20,20
14.06284844411744012,30.0,0.0,0.0,0.0,0.0,0.0,0.0,0.0,0.0,0.0,0.0,0.0,0.0,0.0,0.0,0.0,0.0,0.0,0.0,0.0,0.0,0.0,0.0,0.0,0.0,0.0,20,19.0,20,20,20,20,20,20,20,20,20,20,20,20,20,20,20,20,20,20,20,20,20,20,20,20,20,20,20,20
14.06284889545705584,30.0,0.0,0.0,0.0,0.0,0.0,0.0,0.0,0.0,0.0,0.0,0.0,0.0,0.0,0.0,0.0,0.0,0.0,0.0,0.0,0.0,0.0,0.0,0.0,0.0,0.0,0.0,19.0,20,20,20,20,20,20,20,20,20,20,20,20,20,20,20,20,20,20,20,20,20,20,20,20,20,20,20,20
14.06284916864501106,30.0,0.0,0.0,0.0,0.0,0.0,0.0,0.0,0.0,0.0,0.0,0.0,0.0,0.0,0.0,0.0,0.0,0.0,0.0,0.0,0.0,0.0,0.0,0.0,0.0,0.0,0.0,19.0,0.0,20,20,20,20,20,20,20,20,20,20,20,20,20,20,20,20,20,20,20,20,20,20,20,20,20,20,20
14.06284940838813782,30.0,0.0,0.0,0.0,0.0,0.0,0.0,0.0,0.0,0.0,0.0,0.0,0.0,0.0,0.0,0.0,0.0,0.0,0.0,0.0,0.0,0.0,0.0,0.0,0.0,0.0,0.0,19.0,0.0,0.0,20,20,20,20,20,20,20,20,20,20,20,20,20,20,20,20,20,20,20,20,20,20,20,20,20,20
14.0628505293528239,30.0,0.0,0.0,0.0,0.0,0.0,0.0,0.0,0.0,0.0,0.0,0.0,0.0,0.0,0.0,0.0,0.0,0.0,0.0,0.0,0.0,0.0,0.0,0.0,0.0,0.0,0.0,19.0,0.0,0.0,0.0,20,20,20,20,20,20,20,20,20,20,20,20,20,20,20,20,20,20,20,20,20,20,20,20,20
14.06285211053159502,30.0,0.0,0.0,0.0,0.0,0.0,0.0,0.0,0.0,0.0,0.0,0.0,0.0,0.0,0.0,0.0,0.0,0.0,0.0,0.0,0.0,0.0,0.0,0.0,0.0,0.0,0.0,19.0,0.0,0.0,0.0,0.0,20,20,20,20,20,20,20,20,20,20,20,20,20,20,20,20,20,20,20,20,20,20,20,20
14.06285226530498929,30.0,0.0,0.0,0.0,0.0,0.0,0.0,0.0,0.0,0.0,0.0,0.0,0.0,0.0,0.0,0.0,0.0,0.0,0.0,0.0,0.0,0.0,0.0,0.0,0.0,0.0,0.0,19.0,0.0,0.0,0.0,0.0,0.0,20,20,20,20,20,20,20,20,20,20,20,20,20,20,20,20,20,20,20,20,20,20,20
14.06285248703426785,30.0,0.0,0.0,0.0,0.0,0.0,0.0,0.0,0.0,0.0,0.0,0.0,0.0,0.0,0.0,0.0,0.0,0.0,0.0,0.0,0.0,0.0,0.0,0.0,0.0,0.0,0.0,19.0,0.0,0.0,0.0,0.0,0.0,0.0,20,20,20,20,20,20,20,20,20,20,20,20,20,20,20,20,20,20,20,20,20,20
14.06285271300209894,30.0,0.0,0.0,0.0,0.0,0.0,0.0,0.0,0.0,0.0,0.0,0.0,0.0,0.0,0.0,0.0,0.0,0.0,0.0,0.0,0.0,0.0,0.0,0.0,0.0,0.0,0.0,19.0,0.0,0.0,0.0,0.0,0.0,0.0,0.0,20,20,20,20,20,20,20,20,20,20,20,20,20,20,20,20,20,20,20,20,20
14.06285384515921275,30.0,0.0,0.0,0.0,0.0,0.0,0.0,0.0,0.0,0.0,0.0,0.0,0.0,0.0,0.0,0.0,0.0,0.0,0.0,0.0,0.0,0.0,0.0,0.0,0.0,0.0,0.0,19.0,0.0,0.0,0.0,0.0,0.0,0.0,0.0,0.0,20,20,20,20,20,20,20,20,20,20,20,20,20,20,20,20,20,20,20,20
14.06285396648777855,30.0,0.0,0.0,0.0,0.0,0.0,0.0,0.0,0.0,0.0,0.0,0.0,0.0,0.0,0.0,0.0,0.0,0.0,0.0,0.0,0.0,0.0,0.0,0.0,0.0,0.0,0.0,19.0,0.0,0.0,0.0,0.0,0.0,0.0,0.0,0.0,0.0,20,20,20,20,20,20,20,20,20,20,20,20,20,20,20,20,20,20,20
14.06285417821672228,30.0,0.0,0.0,0.0,0.0,0.0,0.0,0.0,0.0,0.0,0.0,0.0,0.0,0.0,0.0,0.0,0.0,0.0,0.0,0.0,0.0,0.0,0.0,0.0,0.0,0.0,0.0,19.0,0.0,0.0,0.0,0.0,0.0,0.0,0.0,0.0,0.0,0.0,20,20,20,20,20,20,20,20,20,20,20,20,20,20,20,20,20,20
14.06285441186692979,30.0,0.0,0.0,0.0,0.0,0.0,0.0,0.0,0.0,0.0,0.0,0.0,0.0,0.0,0.0,0.0,0.0,0.0,0.0,0.0,0.0,0.0,0.0,0.0,0.0,0.0,0.0,19.0,0.0,0.0,0.0,0.0,0.0,0.0,0.0,0.0,0.0,0.0,0.0,20,20,20,20,20,20,20,20,20,20,20,20,20,20,20,20,20
14.06285528123378753,30.0,0.0,0.0,0.0,0.0,0.0,0.0,0.0,0.0,0.0,0.0,0.0,0.0,0.0,0.0,0.0,0.0,0.0,0.0,0.0,0.0,0.0,0.0,0.0,0.0,0.0,0.0,19.0,0.0,0.0,0.0,0.0,0.0,0.0,0.0,0.0,0.0,0.0,0.0,0.0,20,20,20,20,20,20,20,20,20,20,20,20,20,20,20,20
14.06285562018553416,30.0,0.0,0.0,0.0,0.0,0.0,0.0,0.0,0.0,0.0,0.0,0.0,0.0,0.0,0.0,0.0,0.0,0.0,0.0,0.0,0.0,0.0,0.0,0.0,0.0,0.0,0.0,19.0,0.0,0.0,0.0,0.0,0.0,0.0,0.0,0.0,0.0,0.0,0.0,0.0,0.0,20,20,20,20,20,20,20,20,20,20,20,20,20,20,20
14.06285593542787764,30.0,0.0,0.0,0.0,0.0,0.0,0.0,0.0,0.0,0.0,0.0,0.0,0.0,0.0,0.0,0.0,0.0,0.0,0.0,0.0,0.0,0.0,0.0,0.0,0.0,0.0,0.0,19.0,0.0,0.0,0.0,0.0,0.0,0.0,0.0,0.0,0.0,0.0,0.0,0.0,0.0,0.0,20,20,20,20,20,20,20,20,20,20,20,20,20,20
14.06285619967513614,30.0,0.0,0.0,0.0,0.0,0.0,0.0,0.0,0.0,0.0,0.0,0.0,0.0,0.0,0.0,0.0,0.0,0.0,0.0,0.0,0.0,0.0,0.0,0.0,0.0,0.0,0.0,19.0,0.0,0.0,0.0,0.0,0.0,0.0,0.0,0.0,0.0,0.0,0.0,0.0,0.0,0.0,0.0,20,20,20,20,20,20,20,20,20,20,20,20,20
14.06285685148504046,30.0,0.0,0.0,0.0,0.0,0.0,0.0,0.0,0.0,0.0,0.0,0.0,0.0,0.0,0.0,0.0,0.0,0.0,0.0,0.0,0.0,0.0,0.0,0.0,0.0,0.0,0.0,19.0,0.0,0.0,0.0,0.0,0.0,0.0,0.0,0.0,0.0,0.0,0.0,0.0,0.0,0.0,0.0,0.0,20,20,20,20,20,20,20,20,20,20,20,20
14.06285733494493696,30.0,0.0,0.0,0.0,0.0,0.0,0.0,0.0,0.0,0.0,0.0,0.0,0.0,0.0,0.0,0.0,0.0,0.0,0.0,0.0,0.0,0.0,0.0,0.0,0.0,0.0,0.0,19.0,0.0,0.0,0.0,0.0,0.0,0.0,0.0,0.0,0.0,0.0,0.0,0.0,0.0,0.0,0.0,0.0,0.0,20,20,20,20,20,20,20,20,20,20,20
14.06285759747028351,30.0,0.0,0.0,0.0,0.0,0.0,0.0,0.0,0.0,0.0,0.0,0.0,0.0,0.0,0.0,0.0,0.0,0.0,0.0,0.0,0.0,0.0,0.0,0.0,0.0,0.0,0.0,19.0,0.0,0.0,0.0,0.0,0.0,0.0,0.0,0.0,0.0,0.0,0.0,0.0,0.0,0.0,0.0,0.0,0.0,0.0,20,20,20,20,20,20,20,20,20,20
14.06299336155255636,30.0,0.0,0.0,0.0,0.0,0.0,0.0,0.0,0.0,0.0,0.0,0.0,0.0,0.0,0.0,0.0,0.0,0.0,0.0,0.0,0.0,0.0,0.0,0.0,0.0,0.0,0.0,19.0,0.0,0.0,0.0,0.0,0.0,0.0,0.0,0.0,0.0,0.0,0.0,0.0,0.0,0.0,0.0,0.0,0.0,0.0,0.0,20,20,20,20,20,20,20,20,20
14.0629943914545907,30.0,0.0,0.0,0.0,0.0,0.0,0.0,0.0,0.0,0.0,0.0,0.0,0.0,0.0,0.0,0.0,0.0,0.0,0.0,0.0,0.0,0.0,0.0,0.0,0.0,0.0,0.0,19.0,0.0,0.0,0.0,0.0,0.0,0.0,0.0,0.0,0.0,0.0,0.0,0.0,0.0,0.0,0.0,0.0,0.0,0.0,0.0,0.0,20,20,20,20,20,20,20,20
14.06299453649255965,30.0,0.0,0.0,0.0,0.0,0.0,0.0,0.0,0.0,0.0,0.0,0.0,0.0,0.0,0.0,0.0,0.0,0.0,0.0,0.0,0.0,0.0,0.0,0.0,0.0,0.0,0.0,19.0,0.0,0.0,0.0,0.0,0.0,0.0,0.0,0.0,0.0,0.0,0.0,0.0,0.0,0.0,0.0,0.0,0.0,0.0,0.0,0.0,0.0,20,20,20,20,20,20,20
14.06299458589818742,30.0,0.0,0.0,0.0,0.0,0.0,0.0,0.0,0.0,0.0,0.0,0.0,0.0,0.0,0.0,0.0,0.0,0.0,0.0,0.0,0.0,0.0,0.0,0.0,0.0,0.0,0.0,19.0,0.0,0.0,0.0,0.0,0.0,0.0,0.0,0.0,0.0,0.0,0.0,0.0,0.0,0.0,0.0,0.0,0.0,0.0,0.0,0.0,0.0,0.0,20,20,20,20,20,20
14.06299484014511109,30.0,0.0,0.0,0.0,0.0,0.0,0.0,0.0,0.0,0.0,0.0,0.0,0.0,0.0,0.0,0.0,0.0,0.0,0.0,0.0,0.0,0.0,0.0,0.0,0.0,0.0,0.0,19.0,0.0,0.0,0.0,0.0,0.0,0.0,0.0,0.0,0.0,0.0,0.0,0.0,0.0,0.0,0.0,0.0,0.0,0.0,0.0,0.0,0.0,0.0,0.0,20,20,20,20,20
14.06299490239885118,30.0,0.0,0.0,0.0,0.0,0.0,0.0,0.0,0.0,0.0,0.0,0.0,0.0,0.0,0.0,0.0,0.0,0.0,0.0,0.0,0.0,0.0,0.0,0.0,0.0,0.0,0.0,19.0,0.0,0.0,0.0,0.0,0.0,0.0,0.0,0.0,0.0,0.0,0.0,0.0,0.0,0.0,0.0,0.0,0.0,0.0,0.0,0.0,0.0,0.0,0.0,0.0,20,20,20,20
14.06299494471814897,30.0,0.0,0.0,0.0,0.0,0.0,0.0,0.0,0.0,0.0,0.0,0.0,0.0,0.0,0.0,0.0,0.0,0.0,0.0,0.0,0.0,0.0,0.0,0.0,0.0,0.0,0.0,19.0,0.0,0.0,0.0,0.0,0.0,0.0,0.0,0.0,0.0,0.0,0.0,0.0,0.0,0.0,0.0,0.0,0.0,0.0,0.0,0.0,0.0,0.0,0.0,0.0,0.0,20,20,20
14.06299497955375248,30.0,0.0,0.0,0.0,0.0,0.0,0.0,0.0,0.0,0.0,0.0,0.0,0.0,0.0,0.0,0.0,0.0,0.0,0.0,0.0,0.0,0.0,0.0,0.0,0.0,0.0,0.0,19.0,0.0,0.0,0.0,0.0,0.0,0.0,0.0,0.0,0.0,0.0,0.0,0.0,0.0,0.0,0.0,0.0,0.0,0.0,0.0,0.0,0.0,0.0,0.0,0.0,0.0,0.0,20,20
14.06299502657519447,30.0,0.0,0.0,0.0,0.0,0.0,0.0,0.0,0.0,0.0,0.0,0.0,0.0,0.0,0.0,0.0,0.0,0.0,0.0,0.0,0.0,0.0,0.0,0.0,0.0,0.0,0.0,19.0,0.0,0.0,0.0,0.0,0.0,0.0,0.0,0.0,0.0,0.0,0.0,0.0,0.0,0.0,0.0,0.0,0.0,0.0,0.0,0.0,0.0,0.0,0.0,0.0,0.0,0.0,0.0,20
14.0629950722720888,30.0,0.0,0.0,0.0,0.0,0.0,0.0,0.0,0.0,0.0,0.0,0.0,0.0,0.0,0.0,0.0,0.0,0.0,0.0,0.0,0.0,0.0,0.0,0.0,0.0,0.0,0.0,19.0,0.0,0.0,0.0,0.0,0.0,0.0,0.0,0.0,0.0,0.0,0.0,0.0,0.0,0.0,0.0,0.0,0.0,0.0,0.0,0.0,0.0,0.0,0.0,0.0,0.0,0.0,0.0,0.0
14.11362822333971659,30.0,30.0,0.0,0.0,0.0,0.0,0.0,0.0,0.0,0.0,0.0,0.0,0.0,0.0,0.0,0.0,0.0,0.0,0.0,0.0,0.0,0.0,0.0,0.0,0.0,0.0,0.0,19.0,0.0,0.0,0.0,0.0,0.0,0.0,0.0,0.0,0.0,0.0,0.0,0.0,0.0,0.0,0.0,0.0,0.0,0.0,0.0,0.0,0.0,0.0,0.0,0.0,0.0,0.0,0.0,0.0
14.11362857109970517,30.0,30.0,0.0,0.0,0.0,30.0,0.0,0.0,0.0,0.0,0.0,0.0,0.0,0.0,0.0,0.0,0.0,0.0,0.0,0.0,0.0,0.0,0.0,0.0,0.0,0.0,0.0,19.0,0.0,0.0,0.0,0.0,0.0,0.0,0.0,0.0,0.0,0.0,0.0,0.0,0.0,0.0,0.0,0.0,0.0,0.0,0.0,0.0,0.0,0.0,0.0,0.0,0.0,0.0,0.0,0.0
14.1136291065480974,30.0,30.0,0.0,0.0,0.0,30.0,0.0,0.0,0.0,0.0,0.0,0.0,0.0,0.0,0.0,0.0,1.0,0.0,0.0,0.0,0.0,0.0,0.0,0.0,0.0,0.0,0.0,19.0,0.0,0.0,0.0,0.0,0.0,0.0,0.0,0.0,0.0,0.0,0.0,0.0,0.0,0.0,0.0,0.0,0.0,0.0,0.0,0.0,0.0,0.0,0.0,0.0,0.0,0.0,0.0,0.0
14.1136297278271781,30.0,30.0,0.0,0.0,0.0,30.0,0.0,0.0,0.0,0.0,0.0,0.0,0.0,0.0,0.0,0.0,1.0,0.0,0.0,0.0,0.0,0.0,0.0,0.0,0.0,30.0,0.0,19.0,0.0,0.0,0.0,0.0,0.0,0.0,0.0,0.0,0.0,0.0,0.0,0.0,0.0,0.0,0.0,0.0,0.0,0.0,0.0,0.0,0.0,0.0,0.0,0.0,0.0,0.0,0.0,0.0
14.11367456085152096,30.0,30.0,0.0,0.0,0.0,30.0,0.0,0.0,0.0,0.0,0.0,0.0,0.0,0.0,0.0,0.0,1.0,0.0,0.0,0.0,0.0,0.0,0.0,0.0,0.0,30.0,0.0,30.0,0.0,0.0,0.0,0.0,0.0,0.0,0.0,0.0,0.0,0.0,0.0,0.0,0.0,0.0,0.0,0.0,0.0,0.0,0.0,0.0,0.0,0.0,0.0,0.0,0.0,0.0,0.0,0.0
14.3637052305539449,30.0,30.0,0.0,0.0,0.0,30.0,30.0,0.0,0.0,0.0,0.0,0.0,0.0,0.0,0.0,0.0,1.0,0.0,0.0,0.0,0.0,0.0,0.0,0.0,0.0,30.0,0.0,30.0,0.0,0.0,0.0,0.0,0.0,0.0,0.0,0.0,0.0,0.0,0.0,0.0,0.0,0.0,0.0,0.0,0.0,0.0,0.0,0.0,0.0,0.0,0.0,0.0,0.0,0.0,0.0,0.0
14.3637058424949646,30.0,30.0,0.0,0.0,0.0,30.0,30.0,0.0,0.0,0.0,0.0,0.0,0.0,0.0,0.0,30.0,1.0,0.0,0.0,0.0,0.0,0.0,0.0,0.0,0.0,30.0,0.0,30.0,0.0,0.0,0.0,0.0,0.0,0.0,0.0,0.0,0.0,0.0,0.0,0.0,0.0,0.0,0.0,0.0,0.0,0.0,0.0,0.0,0.0,0.0,0.0,0.0,0.0,0.0,0.0,0.0
14.363706530796157,30.0,30.0,0.0,0.0,0.0,30.0,30.0,0.0,0.0,0.0,0.0,0.0,0.0,0.0,0.0,30.0,1.0,0.0,14.0,0.0,0.0,0.0,0.0,0.0,0.0,30.0,0.0,30.0,0.0,0.0,0.0,0.0,0.0,0.0,0.0,0.0,0.0,0.0,0.0,0.0,0.0,0.0,0.0,0.0,0.0,0.0,0.0,0.0,0.0,0.0,0.0,0.0,0.0,0.0,0.0,0.0
14.42522734469837614,30.0,30.0,0.0,0.0,0.0,30.0,30.0,0.0,0.0,0.0,0.0,0.0,0.0,0.0,0.0,30.0,0.0,0.0,14.0,0.0,0.0,0.0,0.0,0.0,0.0,30.0,0.0,30.0,0.0,0.0,0.0,0.0,0.0,0.0,0.0,0.0,0.0,0.0,0.0,0.0,0.0,0.0,0.0,0.0,0.0,0.0,0.0,0.0,0.0,0.0,0.0,0.0,0.0,0.0,0.0,0.0
14.613681609166993,30.0,7.0,0.0,0.0,0.0,30.0,30.0,0.0,0.0,0.0,0.0,0.0,0.0,0.0,0.0,30.0,0.0,0.0,14.0,0.0,0.0,0.0,0.0,0.0,0.0,30.0,0.0,30.0,0.0,0.0,0.0,0.0,0.0,0.0,0.0,0.0,0.0,0.0,0.0,0.0,0.0,0.0,0.0,0.0,0.0,0.0,0.0,0.0,0.0,0.0,0.0,0.0,0.0,0.0,0.0,0.0
14.6318730775515239,30.0,7.0,0.0,0.0,0.0,0.0,30.0,0.0,0.0,0.0,0.0,0.0,0.0,0.0,0.0,30.0,0.0,0.0,14.0,0.0,0.0,0.0,0.0,0.0,0.0,30.0,0.0,30.0,0.0,0.0,0.0,0.0,0.0,0.0,0.0,0.0,0.0,0.0,0.0,0.0,0.0,0.0,0.0,0.0,0.0,0.0,0.0,0.0,0.0,0.0,0.0,0.0,0.0,0.0,0.0,0.0
14.6603103830416998,30.0,7.0,0.0,0.0,0.0,0.0,30.0,0.0,0.0,0.0,0.0,0.0,0.0,0.0,0.0,30.0,0.0,0.0,0.0,0.0,0.0,0.0,0.0,0.0,0.0,30.0,0.0,30.0,0.0,0.0,0.0,0.0,0.0,0.0,0.0,0.0,0.0,0.0,0.0,0.0,0.0,0.0,0.0,0.0,0.0,0.0,0.0,0.0,0.0,0.0,0.0,0.0,0.0,0.0,0.0,0.0
14.86370467821757,30.0,30.0,0.0,0.0,0.0,0.0,30.0,0.0,0.0,0.0,0.0,0.0,0.0,0.0,0.0,30.0,0.0,0.0,0.0,0.0,0.0,0.0,0.0,0.0,0.0,30.0,0.0,30.0,0.0,0.0,0.0,0.0,0.0,0.0,0.0,0.0,0.0,0.0,0.0,0.0,0.0,0.0,0.0,0.0,0.0,0.0,0.0,0.0,0.0,0.0,0.0,0.0,0.0,0.0,0.0,0.0
14.8637411352660921,30.0,30.0,0.0,0.0,0.0,0.0,30.0,0.0,0.0,0.0,0.0,0.0,0.0,0.0,0.0,30.0,0.0,0.0,0.0,0.0,0.0,0.0,0.0,0.0,0.0,1.0,0.0,30.0,0.0,0.0,0.0,0.0,0.0,0.0,0.0,0.0,0.0,0.0,0.0,0.0,0.0,0.0,0.0,0.0,0.0,0.0,0.0,0.0,0.0,0.0,0.0,0.0,0.0,0.0,0.0,0.0
15.1136771910058127,30.0,30.0,0.0,0.0,0.0,30.0,30.0,0.0,0.0,0.0,0.0,0.0,0.0,0.0,0.0,30.0,0.0,0.0,0.0,0.0,0.0,0.0,0.0,0.0,0.0,1.0,0.0,30.0,0.0,0.0,0.0,0.0,0.0,0.0,0.0,0.0,0.0,0.0,0.0,0.0,0.0,0.0,0.0,0.0,0.0,0.0,0.0,0.0,0.0,0.0,0.0,0.0,0.0,0.0,0.0,0.0
15.1136779912312826,30.0,30.0,0.0,0.0,0.0,30.0,30.0,2.0,0.0,0.0,0.0,0.0,0.0,0.0,0.0,30.0,0.0,0.0,0.0,0.0,0.0,0.0,0.0,0.0,0.0,1.0,0.0,30.0,0.0,0.0,0.0,0.0,0.0,0.0,0.0,0.0,0.0,0.0,0.0,0.0,0.0,0.0,0.0,0.0,0.0,0.0,0.0,0.0,0.0,0.0,0.0,0.0,0.0,0.0,0.0,0.0
15.162627376847797,30.0,30.0,0.0,0.0,0.0,30.0,30.0,2.0,0.0,0.0,0.0,0.0,0.0,0.0,0.0,30.0,0.0,0.0,0.0,0.0,0.0,0.0,0.0,0.0,0.0,0.0,0.0,30.0,0.0,0.0,0.0,0.0,0.0,0.0,0.0,0.0,0.0,0.0,0.0,0.0,0.0,0.0,0.0,0.0,0.0,0.0,0.0,0.0,0.0,0.0,0.0,0.0,0.0,0.0,0.0,0.0
15.3637088242504332,30.0,30.0,0.0,0.0,0.0,30.0,30.0,20.0,0.0,0.0,0.0,0.0,0.0,0.0,0.0,30.0,0.0,0.0,0.0,0.0,0.0,0.0,0.0,0.0,0.0,0.0,0.0,30.0,0.0,0.0,0.0,0.0,0.0,0.0,0.0,0.0,0.0,0.0,0.0,0.0,0.0,0.0,0.0,0.0,0.0,0.0,0.0,0.0,0.0,0.0,0.0,0.0,0.0,0.0,0.0,0.0
15.613714607887798,30.0,30.0,0.0,0.0,0.0,30.0,30.0,30.0,0.0,0.0,0.0,0.0,0.0,0.0,0.0,30.0,0.0,0.0,0.0,0.0,0.0,0.0,0.0,0.0,0.0,0.0,0.0,30.0,0.0,0.0,0.0,0.0,0.0,0.0,0.0,0.0,0.0,0.0,0.0,0.0,0.0,0.0,0.0,0.0,0.0,0.0,0.0,0.0,0.0,0.0,0.0,0.0,0.0,0.0,0.0,0.0
15.6137216306395001,30.0,30.0,0.0,0.0,0.0,30.0,30.0,30.0,0.0,0.0,0.0,0.0,0.0,0.0,0.0,30.0,0.0,0.0,0.0,0.0,0.0,0.0,0.0,0.0,0.0,22.0,0.0,30.0,0.0,0.0,0.0,0.0,0.0,0.0,0.0,0.0,0.0,0.0,0.0,0.0,0.0,0.0,0.0,0.0,0.0,0.0,0.0,0.0,0.0,0.0,0.0,0.0,0.0,0.0,0.0,0.0
15.8636861420340007,30.0,30.0,0.0,0.0,0.0,30.0,30.0,30.0,0.0,0.0,0.0,0.0,0.0,0.0,0.0,30.0,0.0,0.0,2.0,0.0,0.0,0.0,0.0,0.0,0.0,22.0,0.0,30.0,0.0,0.0,0.0,0.0,0.0,0.0,0.0,0.0,0.0,0.0,0.0,0.0,0.0,0.0,0.0,0.0,0.0,0.0,0.0,0.0,0.0,0.0,0.0,0.0,0.0,0.0,0.0,0.0
15.8636977565950819,30.0,30.0,0.0,0.0,0.0,30.0,30.0,30.0,0.0,0.0,0.0,0.0,0.0,0.0,0.0,30.0,0.0,0.0,2.0,0.0,0.0,0.0,0.0,0.0,0.0,30.0,0.0,30.0,0.0,0.0,0.0,0.0,0.0,0.0,0.0,0.0,0.0,0.0,0.0,0.0,0.0,0.0,0.0,0.0,0.0,0.0,0.0,0.0,0.0,0.0,0.0,0.0,0.0,0.0,0.0,0.0
16.3845629496706855,30.0,30.0,0.0,0.0,0.0,30.0,30.0,30.0,21.0,0.0,0.0,0.0,0.0,0.0,0.0,30.0,0.0,0.0,2.0,0.0,0.0,0.0,0.0,0.0,0.0,30.0,0.0,30.0,0.0,0.0,0.0,0.0,0.0,0.0,0.0,0.0,0.0,0.0,0.0,0.0,0.0,0.0,0.0,0.0,0.0,0.0,0.0,0.0,0.0,0.0,0.0,0.0,0.0,0.0,0.0,0.0
16.3845668350987963,30.0,30.0,0.0,0.0,0.0,30.0,30.0,30.0,21.0,0.0,0.0,0.0,0.0,0.0,0.0,30.0,0.0,0.0,30.0,0.0,0.0,0.0,0.0,0.0,0.0,30.0,0.0,30.0,0.0,0.0,0.0,0.0,0.0,0.0,0.0,0.0,0.0,0.0,0.0,0.0,0.0,0.0,0.0,0.0,0.0,0.0,0.0,0.0,0.0,0.0,0.0,0.0,0.0,0.0,0.0,0.0
16.4957818359136583,30.0,30.0,0.0,0.0,0.0,30.0,30.0,30.0,30.0,0.0,0.0,0.0,0.0,0.0,0.0,30.0,0.0,0.0,30.0,0.0,0.0,0.0,0.0,0.0,0.0,30.0,0.0,30.0,0.0,0.0,0.0,0.0,0.0,0.0,0.0,0.0,0.0,0.0,0.0,0.0,0.0,0.0,0.0,0.0,0.0,0.0,0.0,0.0,0.0,0.0,0.0,0.0,0.0,0.0,0.0,0.0
16.4957825305726793,30.0,30.0,0.0,0.0,0.0,30.0,30.0,30.0,30.0,0.0,0.0,0.0,0.0,0.0,0.0,30.0,0.0,0.0,30.0,0.0,0.0,0.0,0.0,0.0,0.0,30.0,0.0,30.0,0.0,0.0,0.0,0.0,0.0,4.0,0.0,0.0,0.0,0.0,0.0,0.0,0.0,0.0,0.0,0.0,0.0,0.0,0.0,0.0,0.0,0.0,0.0,0.0,0.0,0.0,0.0,0.0
16.495782570574019,30.0,30.0,0.0,0.0,0.0,30.0,30.0,30.0,30.0,0.0,0.0,0.0,0.0,0.0,0.0,30.0,0.0,0.0,30.0,0.0,0.0,0.0,0.0,0.0,0.0,30.0,0.0,30.0,0.0,0.0,0.0,0.0,0.0,4.0,0.0,0.0,0.0,0.0,0.0,0.0,0.0,0.0,0.0,0.0,0.0,0.0,0.0,0.0,0.0,0.0,0.0,0.0,0.0,0.0,30.0,0.0
16.6521931472751827,30.0,30.0,0.0,0.0,0.0,30.0,30.0,30.0,30.0,0.0,0.0,0.0,0.0,30.0,0.0,30.0,0.0,0.0,30.0,0.0,0.0,0.0,0.0,0.0,0.0,30.0,0.0,30.0,0.0,0.0,0.0,0.0,0.0,4.0,0.0,0.0,0.0,0.0,0.0,0.0,0.0,0.0,0.0,0.0,0.0,0.0,0.0,0.0,0.0,0.0,0.0,0.0,0.0,0.0,30.0,0.0
16.6521932384702893,30.0,30.0,0.0,0.0,0.0,30.0,30.0,30.0,30.0,0.0,0.0,0.0,0.0,30.0,27.0,30.0,0.0,0.0,30.0,0.0,0.0,0.0,0.0,0.0,0.0,30.0,0.0,30.0,0.0,0.0,0.0,0.0,0.0,4.0,0.0,0.0,0.0,0.0,0.0,0.0,0.0,0.0,0.0,0.0,0.0,0.0,0.0,0.0,0.0,0.0,0.0,0.0,0.0,0.0,30.0,0.0
16.652193285756641,30.0,30.0,0.0,0.0,0.0,30.0,30.0,30.0,30.0,0.0,0.0,0.0,0.0,30.0,27.0,30.0,0.0,0.0,30.0,0.0,0.0,0.0,0.0,0.0,0.0,30.0,0.0,30.0,0.0,0.0,0.0,0.0,0.0,4.0,0.0,0.0,0.0,0.0,0.0,0.0,0.0,0.0,0.0,0.0,0.0,0.0,0.0,0.0,0.0,0.0,0.0,0.0,0.0,0.0,30.0,30.0
16.7290562609831492,30.0,30.0,0.0,0.0,0.0,30.0,30.0,30.0,30.0,0.0,0.0,0.0,0.0,30.0,27.0,30.0,0.0,0.0,30.0,0.0,0.0,0.0,0.0,0.0,0.0,30.0,0.0,30.0,0.0,0.0,0.0,0.0,0.0,0.0,0.0,0.0,0.0,0.0,0.0,0.0,0.0,0.0,0.0,0.0,0.0,0.0,0.0,0.0,0.0,0.0,0.0,0.0,0.0,0.0,30.0,30.0
16.7648132573895983,30.0,30.0,0.0,0.0,0.0,30.0,30.0,30.0,30.0,0.0,0.0,0.0,0.0,30.0,27.0,30.0,0.0,0.0,30.0,0.0,0.0,0.0,0.0,0.0,0.0,30.0,0.0,30.0,0.0,0.0,0.0,0.0,0.0,0.0,0.0,0.0,0.0,0.0,0.0,0.0,0.0,0.0,0.0,0.0,0.0,0.0,0.0,0.0,0.0,0.0,0.0,0.0,0.0,0.0,0.0,30.0
16.863857699698872,30.0,30.0,0.0,0.0,0.0,30.0,30.0,30.0,30.0,0.0,0.0,0.0,30.0,30.0,27.0,30.0,0.0,0.0,30.0,0.0,0.0,0.0,0.0,0.0,0.0,30.0,0.0,30.0,0.0,0.0,0.0,0.0,0.0,0.0,0.0,0.0,0.0,0.0,0.0,0.0,0.0,0.0,0.0,0.0,0.0,0.0,0.0,0.0,0.0,0.0,0.0,0.0,0.0,0.0,0.0,30.0
16.8638700303766464,30.0,30.0,0.0,0.0,0.0,30.0,30.0,30.0,30.0,0.0,0.0,0.0,30.0,30.0,30.0,30.0,0.0,0.0,30.0,0.0,0.0,0.0,0.0,0.0,0.0,30.0,0.0,30.0,0.0,0.0,0.0,0.0,0.0,0.0,0.0,0.0,0.0,0.0,0.0,0.0,0.0,0.0,0.0,0.0,0.0,0.0,0.0,0.0,0.0,0.0,0.0,0.0,0.0,0.0,0.0,30.0
16.863871152798335,30.0,30.0,0.0,0.0,0.0,30.0,30.0,30.0,30.0,0.0,0.0,0.0,30.0,30.0,30.0,30.0,0.0,0.0,30.0,14.0,0.0,0.0,0.0,0.0,0.0,30.0,0.0,30.0,0.0,0.0,0.0,0.0,0.0,0.0,0.0,0.0,0.0,0.0,0.0,0.0,0.0,0.0,0.0,0.0,0.0,0.0,0.0,0.0,0.0,0.0,0.0,0.0,0.0,0.0,0.0,30.0
17.1139028894901277,30.0,30.0,0.0,0.0,0.0,30.0,30.0,30.0,30.0,0.0,0.0,1.0,30.0,30.0,30.0,30.0,0.0,0.0,30.0,14.0,0.0,0.0,0.0,0.0,0.0,30.0,0.0,30.0,0.0,0.0,0.0,0.0,0.0,0.0,0.0,0.0,0.0,0.0,0.0,0.0,0.0,0.0,0.0,0.0,0.0,0.0,0.0,0.0,0.0,0.0,0.0,0.0,0.0,0.0,0.0,30.0
17.1139132352670034,30.0,30.0,0.0,0.0,0.0,30.0,30.0,30.0,30.0,0.0,0.0,1.0,30.0,30.0,30.0,30.0,0.0,0.0,30.0,30.0,0.0,0.0,0.0,0.0,0.0,30.0,0.0,30.0,0.0,0.0,0.0,0.0,0.0,0.0,0.0,0.0,0.0,0.0,0.0,0.0,0.0,0.0,0.0,0.0,0.0,0.0,0.0,0.0,0.0,0.0,0.0,0.0,0.0,0.0,0.0,30.0
17.113913830121358,30.0,30.0,0.0,0.0,0.0,30.0,30.0,30.0,30.0,0.0,0.0,1.0,30.0,30.0,30.0,30.0,0.0,0.0,30.0,30.0,0.0,0.0,0.0,0.0,0.0,30.0,0.0,30.0,0.0,0.0,0.0,0.0,0.0,0.0,0.0,0.0,0.0,0.0,0.0,0.0,0.0,0.0,0.0,0.0,0.0,0.0,0.0,0.0,0.0,0.0,0.0,0.0,0.0,0.0,30.0,30.0
17.363943082557784,30.0,30.0,0.0,0.0,0.0,30.0,30.0,30.0,30.0,0.0,0.0,6.0,30.0,30.0,30.0,30.0,0.0,0.0,30.0,30.0,0.0,0.0,0.0,0.0,0.0,30.0,0.0,30.0,0.0,0.0,0.0,0.0,0.0,0.0,0.0,0.0,0.0,0.0,0.0,0.0,0.0,0.0,0.0,0.0,0.0,0.0,0.0,0.0,0.0,0.0,0.0,0.0,0.0,0.0,30.0,30.0
17.3639460782210033,30.0,30.0,0.0,0.0,0.0,30.0,30.0,30.0,30.0,0.0,0.0,6.0,30.0,30.0,30.0,30.0,0.0,0.0,30.0,30.0,30.0,0.0,0.0,0.0,0.0,30.0,0.0,30.0,0.0,0.0,0.0,0.0,0.0,0.0,0.0,0.0,0.0,0.0,0.0,0.0,0.0,0.0,0.0,0.0,0.0,0.0,0.0,0.0,0.0,0.0,0.0,0.0,0.0,0.0,30.0,30.0
17.614001526170307,30.0,30.0,0.0,0.0,20.0,30.0,30.0,30.0,30.0,0.0,0.0,6.0,30.0,30.0,30.0,30.0,0.0,0.0,30.0,30.0,30.0,0.0,0.0,0.0,0.0,30.0,0.0,30.0,0.0,0.0,0.0,0.0,0.0,0.0,0.0,0.0,0.0,0.0,0.0,0.0,0.0,0.0,0.0,0.0,0.0,0.0,0.0,0.0,0.0,0.0,0.0,0.0,0.0,0.0,30.0,30.0
17.6140048750903873,30.0,30.0,0.0,0.0,20.0,30.0,30.0,30.0,30.0,0.0,0.0,30.0,30.0,30.0,30.0,30.0,0.0,0.0,30.0,30.0,30.0,0.0,0.0,0.0,0.0,30.0,0.0,30.0,0.0,0.0,0.0,0.0,0.0,0.0,0.0,0.0,0.0,0.0,0.0,0.0,0.0,0.0,0.0,0.0,0.0,0.0,0.0,0.0,0.0,0.0,0.0,0.0,0.0,0.0,30.0,30.0
17.614005261990759,30.0,30.0,0.0,0.0,20.0,30.0,30.0,30.0,30.0,0.0,0.0,30.0,30.0,30.0,30.0,30.0,0.0,0.0,30.0,30.0,30.0,0.0,0.0,0.0,0.0,30.0,0.0,30.0,0.0,0.0,0.0,0.0,0.0,30.0,0.0,0.0,0.0,0.0,0.0,0.0,0.0,0.0,0.0,0.0,0.0,0.0,0.0,0.0,0.0,0.0,0.0,0.0,0.0,0.0,30.0,30.0
17.864059021340476,30.0,30.0,0.0,0.0,14.0,30.0,30.0,30.0,30.0,0.0,0.0,30.0,30.0,30.0,30.0,30.0,0.0,0.0,30.0,30.0,30.0,0.0,0.0,0.0,0.0,30.0,0.0,30.0,0.0,0.0,0.0,0.0,0.0,30.0,0.0,0.0,0.0,0.0,0.0,0.0,0.0,0.0,0.0,0.0,0.0,0.0,0.0,0.0,0.0,0.0,0.0,0.0,0.0,0.0,30.0,30.0
17.864060049785508,30.0,30.0,0.0,0.0,14.0,30.0,30.0,30.0,30.0,0.0,0.0,30.0,30.0,30.0,30.0,30.0,0.0,0.0,30.0,30.0,30.0,30.0,0.0,0.0,0.0,30.0,0.0,30.0,0.0,0.0,0.0,0.0,0.0,30.0,0.0,0.0,0.0,0.0,0.0,0.0,0.0,0.0,0.0,0.0,0.0,0.0,0.0,0.0,0.0,0.0,0.0,0.0,0.0,0.0,30.0,30.0
17.8640601141585242,30.0,30.0,0.0,0.0,14.0,30.0,30.0,30.0,30.0,0.0,0.0,30.0,30.0,30.0,30.0,30.0,0.0,0.0,30.0,30.0,30.0,30.0,0.0,0.0,0.0,30.0,30.0,30.0,0.0,0.0,0.0,0.0,0.0,30.0,0.0,0.0,0.0,0.0,0.0,0.0,0.0,0.0,0.0,0.0,0.0,0.0,0.0,0.0,0.0,0.0,0.0,0.0,0.0,0.0,30.0,30.0
18.114156949188974,30.0,30.0,0.0,0.0,30.0,30.0,30.0,30.0,30.0,0.0,0.0,30.0,30.0,30.0,30.0,30.0,0.0,0.0,30.0,30.0,30.0,30.0,0.0,0.0,0.0,30.0,30.0,30.0,0.0,0.0,0.0,0.0,0.0,30.0,0.0,0.0,0.0,0.0,0.0,0.0,0.0,0.0,0.0,0.0,0.0,0.0,0.0,0.0,0.0,0.0,0.0,0.0,0.0,0.0,30.0,30.0
18.114157612125079,30.0,30.0,0.0,0.0,30.0,30.0,30.0,30.0,30.0,0.0,30.0,30.0,30.0,30.0,30.0,30.0,0.0,0.0,30.0,30.0,30.0,30.0,0.0,0.0,0.0,30.0,30.0,30.0,0.0,0.0,0.0,0.0,0.0,30.0,0.0,0.0,0.0,0.0,0.0,0.0,0.0,0.0,0.0,0.0,0.0,0.0,0.0,0.0,0.0,0.0,0.0,0.0,0.0,0.0,30.0,30.0
18.1141590311129885,30.0,30.0,0.0,0.0,30.0,30.0,30.0,30.0,30.0,0.0,30.0,30.0,30.0,30.0,30.0,30.0,30.0,0.0,30.0,30.0,30.0,30.0,0.0,0.0,0.0,30.0,30.0,30.0,0.0,0.0,0.0,0.0,0.0,30.0,0.0,0.0,0.0,0.0,0.0,0.0,0.0,0.0,0.0,0.0,0.0,0.0,0.0,0.0,0.0,0.0,0.0,0.0,0.0,0.0,30.0,30.0
18.114159639543957,30.0,30.0,0.0,0.0,30.0,30.0,30.0,30.0,30.0,0.0,30.0,30.0,30.0,30.0,30.0,30.0,30.0,30.0,30.0,30.0,30.0,30.0,0.0,0.0,0.0,30.0,30.0,30.0,0.0,0.0,0.0,0.0,0.0,30.0,0.0,0.0,0.0,0.0,0.0,0.0,0.0,0.0,0.0,0.0,0.0,0.0,0.0,0.0,0.0,0.0,0.0,0.0,0.0,0.0,30.0,30.0
18.114173271920946,30.0,30.0,0.0,0.0,30.0,30.0,30.0,30.0,30.0,0.0,30.0,30.0,30.0,30.0,30.0,30.0,30.0,30.0,30.0,30.0,30.0,30.0,0.0,0.0,30.0,30.0,30.0,30.0,0.0,0.0,0.0,0.0,0.0,30.0,0.0,0.0,0.0,0.0,0.0,0.0,0.0,0.0,0.0,0.0,0.0,0.0,0.0,0.0,0.0,0.0,0.0,0.0,0.0,0.0,30.0,30.0
18.114173394838969,30.0,30.0,0.0,0.0,30.0,30.0,30.0,30.0,30.0,0.0,30.0,30.0,30.0,30.0,30.0,30.0,30.0,30.0,30.0,30.0,30.0,30.0,0.0,0.0,30.0,30.0,30.0,30.0,30.0,0.0,0.0,0.0,0.0,30.0,0.0,0.0,0.0,0.0,0.0,0.0,0.0,0.0,0.0,0.0,0.0,0.0,0.0,0.0,0.0,0.0,0.0,0.0,0.0,0.0,30.0,30.0
18.114173446827465,30.0,30.0,0.0,0.0,30.0,30.0,30.0,30.0,30.0,0.0,30.0,30.0,30.0,30.0,30.0,30.0,30.0,30.0,30.0,30.0,30.0,30.0,0.0,0.0,30.0,30.0,30.0,30.0,30.0,1.0,0.0,0.0,0.0,30.0,0.0,0.0,0.0,0.0,0.0,0.0,0.0,0.0,0.0,0.0,0.0,0.0,0.0,0.0,0.0,0.0,0.0,0.0,0.0,0.0,30.0,30.0
18.364471141695976,30.0,30.0,0.0,0.0,30.0,30.0,30.0,30.0,30.0,30.0,30.0,30.0,30.0,30.0,30.0,30.0,30.0,30.0,30.0,30.0,30.0,30.0,0.0,0.0,30.0,30.0,30.0,30.0,30.0,1.0,0.0,0.0,0.0,30.0,0.0,0.0,0.0,0.0,0.0,0.0,0.0,0.0,0.0,0.0,0.0,0.0,0.0,0.0,0.0,0.0,0.0,0.0,0.0,0.0,30.0,30.0
18.364472806387478,30.0,30.0,0.0,0.0,30.0,30.0,30.0,30.0,30.0,30.0,30.0,30.0,30.0,30.0,30.0,30.0,30.0,30.0,30.0,30.0,30.0,30.0,0.0,30.0,30.0,30.0,30.0,30.0,30.0,1.0,0.0,0.0,0.0,30.0,0.0,0.0,0.0,0.0,0.0,0.0,0.0,0.0,0.0,0.0,0.0,0.0,0.0,0.0,0.0,0.0,0.0,0.0,0.0,0.0,30.0,30.0
18.364485538072056,30.0,30.0,0.0,0.0,30.0,30.0,30.0,30.0,30.0,30.0,30.0,30.0,30.0,30.0,30.0,30.0,30.0,30.0,30.0,30.0,30.0,30.0,0.0,30.0,30.0,30.0,30.0,30.0,30.0,30.0,0.0,0.0,0.0,30.0,0.0,0.0,0.0,0.0,0.0,0.0,0.0,0.0,0.0,0.0,0.0,0.0,0.0,0.0,0.0,0.0,0.0,0.0,0.0,0.0,30.0,30.0
18.36448563668463,30.0,30.0,0.0,0.0,30.0,30.0,30.0,30.0,30.0,30.0,30.0,30.0,30.0,30.0,30.0,30.0,30.0,30.0,30.0,30.0,30.0,30.0,0.0,30.0,30.0,30.0,30.0,30.0,30.0,30.0,30.0,0.0,0.0,30.0,0.0,0.0,0.0,0.0,0.0,0.0,0.0,0.0,0.0,0.0,0.0,0.0,0.0,0.0,0.0,0.0,0.0,0.0,0.0,0.0,30.0,30.0
18.3644857050975165,30.0,30.0,0.0,0.0,30.0,30.0,30.0,30.0,30.0,30.0,30.0,30.0,30.0,30.0,30.0,30.0,30.0,30.0,30.0,30.0,30.0,30.0,0.0,30.0,30.0,30.0,30.0,30.0,30.0,30.0,30.0,0.0,30.0,30.0,0.0,0.0,0.0,0.0,0.0,0.0,0.0,0.0,0.0,0.0,0.0,0.0,0.0,0.0,0.0,0.0,0.0,0.0,0.0,0.0,30.0,30.0
18.364485776291954,30.0,30.0,0.0,0.0,30.0,30.0,30.0,30.0,30.0,30.0,30.0,30.0,30.0,30.0,30.0,30.0,30.0,30.0,30.0,30.0,30.0,30.0,0.0,30.0,30.0,30.0,30.0,30.0,30.0,30.0,30.0,0.0,30.0,30.0,30.0,0.0,0.0,0.0,0.0,0.0,0.0,0.0,0.0,0.0,0.0,0.0,0.0,0.0,0.0,0.0,0.0,0.0,0.0,0.0,30.0,30.0
18.364485834439596,30.0,30.0,0.0,0.0,30.0,30.0,30.0,30.0,30.0,30.0,30.0,30.0,30.0,30.0,30.0,30.0,30.0,30.0,30.0,30.0,30.0,30.0,0.0,30.0,30.0,30.0,30.0,30.0,30.0,30.0,30.0,0.0,30.0,30.0,30.0,0.0,0.0,0.0,0.0,0.0,0.0,0.0,0.0,13.0,0.0,0.0,0.0,0.0,0.0,0.0,0.0,0.0,0.0,0.0,30.0,30.0
18.364485874043571,30.0,30.0,0.0,0.0,30.0,30.0,30.0,30.0,30.0,30.0,30.0,30.0,30.0,30.0,30.0,30.0,30.0,30.0,30.0,30.0,30.0,30.0,0.0,30.0,30.0,30.0,30.0,30.0,30.0,30.0,30.0,0.0,30.0,30.0,30.0,0.0,0.0,0.0,0.0,0.0,0.0,0.0,0.0,13.0,30.0,0.0,0.0,0.0,0.0,0.0,0.0,0.0,0.0,0.0,30.0,30.0
18.364485909011629,30.0,30.0,0.0,0.0,30.0,30.0,30.0,30.0,30.0,30.0,30.0,30.0,30.0,30.0,30.0,30.0,30.0,30.0,30.0,30.0,30.0,30.0,0.0,30.0,30.0,30.0,30.0,30.0,30.0,30.0,30.0,0.0,30.0,30.0,30.0,0.0,0.0,0.0,0.0,0.0,0.0,0.0,0.0,13.0,30.0,0.0,0.0,0.0,0.0,0.0,0.0,0.0,0.0,30.0,30.0,30.0
18.614734643830193,30.0,30.0,30.0,0.0,30.0,30.0,30.0,30.0,30.0,30.0,30.0,30.0,30.0,30.0,30.0,30.0,30.0,30.0,30.0,30.0,30.0,30.0,0.0,30.0,30.0,30.0,30.0,30.0,30.0,30.0,30.0,0.0,30.0,30.0,30.0,0.0,0.0,0.0,0.0,0.0,0.0,0.0,0.0,13.0,30.0,0.0,0.0,0.0,0.0,0.0,0.0,0.0,0.0,30.0,30.0,30.0
18.61475847615136,30.0,30.0,30.0,0.0,30.0,30.0,30.0,30.0,30.0,30.0,30.0,30.0,30.0,30.0,30.0,30.0,30.0,30.0,30.0,30.0,30.0,30.0,0.0,30.0,30.0,30.0,30.0,30.0,30.0,30.0,30.0,30.0,30.0,30.0,30.0,0.0,0.0,0.0,0.0,0.0,0.0,0.0,0.0,13.0,30.0,0.0,0.0,0.0,0.0,0.0,0.0,0.0,0.0,30.0,30.0,30.0
18.61475858297613,30.0,30.0,30.0,0.0,30.0,30.0,30.0,30.0,30.0,30.0,30.0,30.0,30.0,30.0,30.0,30.0,30.0,30.0,30.0,30.0,30.0,30.0,0.0,30.0,30.0,30.0,30.0,30.0,30.0,30.0,30.0,30.0,30.0,30.0,30.0,0.0,30.0,0.0,0.0,0.0,0.0,0.0,0.0,13.0,30.0,0.0,0.0,0.0,0.0,0.0,0.0,0.0,0.0,30.0,30.0,30.0
18.614758620195919,30.0,30.0,30.0,0.0,30.0,30.0,30.0,30.0,30.0,30.0,30.0,30.0,30.0,30.0,30.0,30.0,30.0,30.0,30.0,30.0,30.0,30.0,0.0,30.0,30.0,30.0,30.0,30.0,30.0,30.0,30.0,30.0,30.0,30.0,30.0,0.0,30.0,30.0,0.0,0.0,0.0,0.0,0.0,13.0,30.0,0.0,0.0,0.0,0.0,0.0,0.0,0.0,0.0,30.0,30.0,30.0
18.614758655760023,30.0,30.0,30.0,0.0,30.0,30.0,30.0,30.0,30.0,30.0,30.0,30.0,30.0,30.0,30.0,30.0,30.0,30.0,30.0,30.0,30.0,30.0,0.0,30.0,30.0,30.0,30.0,30.0,30.0,30.0,30.0,30.0,30.0,30.0,30.0,0.0,30.0,30.0,0.0,30.0,0.0,0.0,0.0,13.0,30.0,0.0,0.0,0.0,0.0,0.0,0.0,0.0,0.0,30.0,30.0,30.0
18.614758693244722,30.0,30.0,30.0,0.0,30.0,30.0,30.0,30.0,30.0,30.0,30.0,30.0,30.0,30.0,30.0,30.0,30.0,30.0,30.0,30.0,30.0,30.0,0.0,30.0,30.0,30.0,30.0,30.0,30.0,30.0,30.0,30.0,30.0,30.0,30.0,0.0,30.0,30.0,0.0,30.0,1.0,0.0,0.0,13.0,30.0,0.0,0.0,0.0,0.0,0.0,0.0,0.0,0.0,30.0,30.0,30.0
18.614758728146553,30.0,30.0,30.0,0.0,30.0,30.0,30.0,30.0,30.0,30.0,30.0,30.0,30.0,30.0,30.0,30.0,30.0,30.0,30.0,30.0,30.0,30.0,0.0,30.0,30.0,30.0,30.0,30.0,30.0,30.0,30.0,30.0,30.0,30.0,30.0,0.0,30.0,30.0,0.0,30.0,1.0,0.0,0.0,30.0,30.0,0.0,0.0,0.0,0.0,0.0,0.0,0.0,0.0,30.0,30.0,30.0
18.614758765366342,30.0,30.0,30.0,0.0,30.0,30.0,30.0,30.0,30.0,30.0,30.0,30.0,30.0,30.0,30.0,30.0,30.0,30.0,30.0,30.0,30.0,30.0,0.0,30.0,30.0,30.0,30.0,30.0,30.0,30.0,30.0,30.0,30.0,30.0,30.0,0.0,30.0,30.0,0.0,30.0,1.0,0.0,0.0,30.0,30.0,30.0,0.0,0.0,0.0,0.0,0.0,0.0,0.0,30.0,30.0,30.0
18.971469676295916,30.0,30.0,30.0,0.0,30.0,30.0,30.0,30.0,30.0,27.0,30.0,30.0,30.0,30.0,30.0,30.0,30.0,30.0,30.0,30.0,30.0,30.0,0.0,30.0,30.0,30.0,30.0,30.0,30.0,30.0,30.0,30.0,30.0,30.0,30.0,0.0,30.0,30.0,0.0,30.0,1.0,0.0,0.0,30.0,30.0,30.0,0.0,0.0,0.0,0.0,0.0,0.0,0.0,30.0,30.0,30.0
18.974485948946741,30.0,30.0,0.0,0.0,30.0,30.0,30.0,30.0,30.0,27.0,30.0,30.0,30.0,30.0,30.0,30.0,30.0,30.0,30.0,30.0,30.0,30.0,0.0,30.0,30.0,30.0,30.0,30.0,30.0,30.0,30.0,30.0,30.0,30.0,30.0,0.0,30.0,30.0,0.0,30.0,1.0,0.0,0.0,30.0,30.0,30.0,0.0,0.0,0.0,0.0,0.0,0.0,0.0,30.0,30.0,30.0
19.150131321416961,30.0,30.0,0.0,0.0,30.0,30.0,30.0,30.0,30.0,27.0,30.0,30.0,30.0,30.0,30.0,30.0,30.0,30.0,30.0,30.0,30.0,30.0,0.0,30.0,30.0,30.0,30.0,30.0,30.0,30.0,30.0,0.0,30.0,30.0,30.0,0.0,30.0,30.0,0.0,30.0,1.0,0.0,0.0,30.0,30.0,30.0,0.0,0.0,0.0,0.0,0.0,0.0,0.0,30.0,30.0,30.0
19.155129563212395,30.0,30.0,0.0,0.0,30.0,30.0,30.0,30.0,30.0,27.0,30.0,30.0,30.0,30.0,30.0,30.0,30.0,30.0,30.0,30.0,30.0,30.0,0.0,30.0,30.0,30.0,30.0,30.0,30.0,30.0,30.0,0.0,30.0,30.0,30.0,0.0,0.0,30.0,0.0,30.0,1.0,0.0,0.0,30.0,30.0,30.0,0.0,0.0,0.0,0.0,0.0,0.0,0.0,30.0,30.0,30.0
19.155824925237232,30.0,30.0,0.0,0.0,30.0,30.0,30.0,30.0,30.0,27.0,30.0,30.0,30.0,30.0,30.0,30.0,30.0,30.0,30.0,30.0,30.0,30.0,0.0,30.0,30.0,30.0,30.0,30.0,30.0,30.0,30.0,0.0,30.0,30.0,30.0,0.0,0.0,0.0,0.0,30.0,1.0,0.0,0.0,30.0,30.0,30.0,0.0,0.0,0.0,0.0,0.0,0.0,0.0,30.0,30.0,30.0
19.1647923440403405,30.0,30.0,0.0,0.0,30.0,30.0,30.0,30.0,30.0,27.0,30.0,30.0,30.0,30.0,30.0,30.0,30.0,30.0,30.0,30.0,30.0,30.0,0.0,30.0,30.0,30.0,30.0,30.0,30.0,30.0,30.0,0.0,30.0,30.0,30.0,0.0,0.0,0.0,0.0,30.0,1.0,0.0,0.0,0.0,30.0,30.0,0.0,0.0,0.0,0.0,0.0,0.0,0.0,30.0,30.0,30.0
19.166971364749802,30.0,30.0,0.0,0.0,30.0,30.0,30.0,30.0,30.0,27.0,30.0,30.0,30.0,30.0,30.0,30.0,30.0,30.0,30.0,30.0,30.0,30.0,0.0,30.0,30.0,30.0,30.0,30.0,30.0,30.0,30.0,0.0,30.0,30.0,30.0,0.0,0.0,0.0,0.0,30.0,1.0,0.0,0.0,0.0,0.0,30.0,0.0,0.0,0.0,0.0,0.0,0.0,0.0,30.0,30.0,30.0
19.170016822814941,30.0,30.0,0.0,0.0,30.0,30.0,30.0,30.0,30.0,27.0,30.0,30.0,30.0,30.0,30.0,30.0,30.0,30.0,30.0,30.0,30.0,30.0,0.0,30.0,30.0,30.0,30.0,30.0,30.0,30.0,30.0,0.0,30.0,30.0,30.0,0.0,0.0,0.0,0.0,30.0,1.0,0.0,0.0,0.0,0.0,0.0,0.0,0.0,0.0,0.0,0.0,0.0,0.0,30.0,30.0,30.0
19.247473309636116,30.0,30.0,30.0,0.0,30.0,30.0,30.0,30.0,30.0,27.0,30.0,30.0,30.0,30.0,30.0,30.0,30.0,30.0,30.0,30.0,30.0,30.0,0.0,30.0,30.0,30.0,30.0,30.0,30.0,30.0,30.0,0.0,30.0,30.0,30.0,0.0,0.0,0.0,0.0,30.0,1.0,0.0,0.0,0.0,0.0,0.0,0.0,0.0,0.0,0.0,0.0,0.0,0.0,30.0,30.0,30.0
19.247492232984967,30.0,30.0,30.0,0.0,30.0,30.0,30.0,30.0,30.0,8.0,30.0,30.0,30.0,30.0,30.0,30.0,30.0,30.0,30.0,30.0,30.0,30.0,0.0,30.0,30.0,30.0,30.0,30.0,30.0,30.0,30.0,0.0,30.0,30.0,30.0,0.0,0.0,0.0,0.0,30.0,1.0,0.0,0.0,0.0,0.0,0.0,0.0,0.0,0.0,0.0,0.0,0.0,0.0,30.0,30.0,30.0
19.418707875410716,30.0,30.0,30.0,0.0,30.0,30.0,30.0,30.0,30.0,8.0,30.0,30.0,30.0,30.0,30.0,30.0,30.0,30.0,30.0,30.0,30.0,30.0,0.0,30.0,30.0,30.0,30.0,30.0,30.0,0.0,30.0,0.0,30.0,30.0,30.0,0.0,0.0,0.0,0.0,30.0,1.0,0.0,0.0,0.0,0.0,0.0,0.0,0.0,0.0,0.0,0.0,0.0,0.0,30.0,30.0,30.0
19.45176891611682,30.0,30.0,30.0,0.0,30.0,30.0,30.0,30.0,30.0,8.0,30.0,30.0,30.0,30.0,30.0,30.0,30.0,30.0,30.0,30.0,30.0,30.0,0.0,30.0,30.0,30.0,30.0,30.0,30.0,0.0,30.0,0.0,30.0,30.0,0.0,0.0,0.0,0.0,0.0,30.0,1.0,0.0,0.0,0.0,0.0,0.0,0.0,0.0,0.0,0.0,0.0,0.0,0.0,30.0,30.0,30.0
19.474548388587104,30.0,30.0,30.0,0.0,30.0,30.0,30.0,30.0,30.0,8.0,30.0,30.0,30.0,30.0,30.0,30.0,30.0,30.0,30.0,30.0,30.0,30.0,0.0,30.0,30.0,30.0,30.0,30.0,30.0,0.0,30.0,0.0,30.0,30.0,0.0,0.0,0.0,0.0,0.0,0.0,1.0,0.0,0.0,0.0,0.0,0.0,0.0,0.0,0.0,0.0,0.0,0.0,0.0,30.0,30.0,30.0
19.478782639702161,30.0,30.0,30.0,0.0,30.0,30.0,30.0,30.0,30.0,8.0,30.0,30.0,30.0,30.0,30.0,30.0,30.0,30.0,30.0,30.0,30.0,30.0,0.0,30.0,30.0,30.0,30.0,30.0,30.0,0.0,30.0,0.0,30.0,30.0,0.0,0.0,0.0,0.0,0.0,0.0,0.0,0.0,0.0,0.0,0.0,0.0,0.0,0.0,0.0,0.0,0.0,0.0,0.0,30.0,30.0,30.0
19.527958851655324,30.0,30.0,30.0,0.0,30.0,30.0,30.0,30.0,30.0,8.0,30.0,30.0,30.0,30.0,30.0,30.0,30.0,30.0,30.0,30.0,30.0,30.0,0.0,30.0,30.0,30.0,30.0,30.0,30.0,0.0,30.0,0.0,30.0,30.0,0.0,0.0,0.0,0.0,0.0,0.0,0.0,0.0,0.0,0.0,0.0,0.0,0.0,0.0,0.0,0.0,0.0,0.0,0.0,0.0,30.0,30.0
19.7115303636259505,30.0,30.0,30.0,0.0,30.0,30.0,30.0,30.0,30.0,30.0,30.0,30.0,30.0,30.0,30.0,30.0,30.0,30.0,30.0,30.0,30.0,30.0,0.0,30.0,30.0,30.0,30.0,30.0,30.0,0.0,30.0,0.0,30.0,30.0,0.0,0.0,0.0,0.0,0.0,0.0,0.0,0.0,0.0,0.0,0.0,0.0,0.0,0.0,0.0,0.0,0.0,0.0,0.0,0.0,30.0,30.0
19.7115331508053675,30.0,30.0,30.0,0.0,30.0,30.0,30.0,30.0,30.0,30.0,30.0,30.0,30.0,30.0,30.0,30.0,30.0,30.0,30.0,30.0,30.0,30.0,0.0,30.0,30.0,30.0,30.0,30.0,30.0,30.0,30.0,0.0,30.0,30.0,0.0,0.0,0.0,0.0,0.0,0.0,0.0,0.0,0.0,0.0,0.0,0.0,0.0,0.0,0.0,0.0,0.0,0.0,0.0,0.0,30.0,30.0
19.711537190410826,30.0,30.0,30.0,0.0,30.0,30.0,30.0,30.0,30.0,30.0,30.0,30.0,30.0,30.0,30.0,30.0,30.0,30.0,30.0,30.0,30.0,30.0,0.0,30.0,30.0,30.0,30.0,30.0,30.0,30.0,30.0,0.0,30.0,30.0,2.0,0.0,0.0,0.0,0.0,0.0,0.0,0.0,0.0,0.0,0.0,0.0,0.0,0.0,0.0,0.0,0.0,0.0,0.0,0.0,30.0,30.0
19.711548298133744,30.0,30.0,30.0,0.0,30.0,30.0,30.0,30.0,30.0,30.0,30.0,30.0,30.0,30.0,30.0,30.0,30.0,30.0,30.0,30.0,30.0,30.0,0.0,30.0,30.0,30.0,30.0,30.0,30.0,30.0,30.0,0.0,30.0,30.0,2.0,0.0,0.0,0.0,0.0,30.0,0.0,0.0,0.0,0.0,0.0,0.0,0.0,0.0,0.0,0.0,0.0,0.0,0.0,0.0,30.0,30.0
19.786820350024435,30.0,30.0,30.0,0.0,30.0,30.0,30.0,30.0,30.0,30.0,30.0,30.0,30.0,30.0,30.0,30.0,30.0,30.0,30.0,30.0,30.0,30.0,0.0,30.0,30.0,30.0,30.0,30.0,30.0,30.0,0.0,0.0,30.0,30.0,2.0,0.0,0.0,0.0,0.0,30.0,0.0,0.0,0.0,0.0,0.0,0.0,0.0,0.0,0.0,0.0,0.0,0.0,0.0,0.0,30.0,30.0
19.833876140912374,30.0,30.0,30.0,0.0,30.0,30.0,30.0,30.0,30.0,30.0,30.0,30.0,30.0,30.0,30.0,30.0,30.0,30.0,30.0,30.0,30.0,30.0,0.0,30.0,30.0,30.0,30.0,30.0,30.0,30.0,30.0,0.0,30.0,30.0,2.0,0.0,0.0,0.0,0.0,30.0,0.0,0.0,0.0,0.0,0.0,0.0,0.0,0.0,0.0,0.0,0.0,0.0,0.0,0.0,30.0,30.0
19.833881501820352,30.0,30.0,30.0,0.0,30.0,30.0,30.0,30.0,30.0,30.0,30.0,30.0,30.0,30.0,30.0,30.0,30.0,30.0,30.0,30.0,30.0,30.0,0.0,30.0,30.0,30.0,30.0,30.0,30.0,30.0,30.0,0.0,30.0,30.0,30.0,0.0,0.0,0.0,0.0,30.0,0.0,0.0,0.0,0.0,0.0,0.0,0.0,0.0,0.0,0.0,0.0,0.0,0.0,0.0,30.0,30.0
19.833888139790959,30.0,30.0,30.0,0.0,30.0,30.0,30.0,30.0,30.0,30.0,30.0,30.0,30.0,30.0,30.0,30.0,30.0,30.0,30.0,30.0,30.0,30.0,0.0,30.0,30.0,30.0,30.0,30.0,30.0,30.0,30.0,0.0,30.0,30.0,30.0,0.0,0.0,0.0,0.0,1.0,0.0,0.0,0.0,0.0,0.0,0.0,0.0,0.0,0.0,0.0,0.0,0.0,0.0,0.0,30.0,30.0
19.8402408366733125,30.0,30.0,0.0,0.0,30.0,30.0,30.0,30.0,30.0,30.0,30.0,30.0,30.0,30.0,30.0,30.0,30.0,30.0,30.0,30.0,30.0,30.0,0.0,30.0,30.0,30.0,30.0,30.0,30.0,30.0,30.0,0.0,30.0,30.0,30.0,0.0,0.0,0.0,0.0,1.0,0.0,0.0,0.0,0.0,0.0,0.0,0.0,0.0,0.0,0.0,0.0,0.0,0.0,0.0,30.0,30.0
19.973516807225016,30.0,30.0,0.0,0.0,30.0,30.0,30.0,30.0,30.0,30.0,30.0,30.0,30.0,30.0,30.0,30.0,30.0,30.0,30.0,30.0,30.0,30.0,0.0,30.0,30.0,30.0,30.0,30.0,30.0,30.0,30.0,0.0,0.0,30.0,30.0,0.0,0.0,0.0,0.0,1.0,0.0,0.0,0.0,0.0,0.0,0.0,0.0,0.0,0.0,0.0,0.0,0.0,0.0,0.0,30.0,30.0
20.1835699618524975,30.0,30.0,27.0,0.0,30.0,30.0,30.0,30.0,30.0,30.0,30.0,30.0,30.0,30.0,30.0,30.0,30.0,30.0,30.0,30.0,30.0,30.0,0.0,30.0,30.0,30.0,30.0,30.0,30.0,30.0,30.0,0.0,0.0,30.0,30.0,0.0,0.0,0.0,0.0,1.0,0.0,0.0,0.0,0.0,0.0,0.0,0.0,0.0,0.0,0.0,0.0,0.0,0.0,0.0,30.0,30.0
20.183574491143227,30.0,30.0,27.0,0.0,30.0,30.0,30.0,30.0,30.0,30.0,30.0,30.0,30.0,30.0,30.0,30.0,30.0,30.0,30.0,30.0,30.0,30.0,0.0,30.0,30.0,30.0,30.0,30.0,30.0,30.0,30.0,0.0,0.0,30.0,30.0,0.0,0.0,0.0,0.0,30.0,0.0,0.0,0.0,0.0,0.0,0.0,0.0,0.0,0.0,0.0,0.0,0.0,0.0,0.0,30.0,30.0
20.193713857134183,30.0,30.0,27.0,0.0,0.0,30.0,30.0,30.0,30.0,30.0,30.0,30.0,30.0,30.0,30.0,30.0,30.0,30.0,30.0,30.0,30.0,30.0,0.0,30.0,30.0,30.0,30.0,30.0,30.0,30.0,30.0,0.0,0.0,30.0,30.0,0.0,0.0,0.0,0.0,30.0,0.0,0.0,0.0,0.0,0.0,0.0,0.0,0.0,0.0,0.0,0.0,0.0,0.0,0.0,30.0,30.0
20.259973626666599,30.0,30.0,27.0,0.0,0.0,30.0,30.0,30.0,30.0,30.0,30.0,30.0,30.0,30.0,30.0,30.0,30.0,0.0,30.0,30.0,30.0,30.0,0.0,30.0,30.0,30.0,30.0,30.0,30.0,30.0,30.0,0.0,0.0,30.0,30.0,0.0,0.0,0.0,0.0,30.0,0.0,0.0,0.0,0.0,0.0,0.0,0.0,0.0,0.0,0.0,0.0,0.0,0.0,0.0,30.0,30.0
20.32200298845768,30.0,30.0,27.0,0.0,0.0,30.0,30.0,30.0,30.0,30.0,30.0,30.0,30.0,30.0,30.0,30.0,30.0,0.0,30.0,30.0,30.0,30.0,0.0,30.0,30.0,30.0,30.0,30.0,30.0,0.0,30.0,0.0,0.0,30.0,30.0,0.0,0.0,0.0,0.0,30.0,0.0,0.0,0.0,0.0,0.0,0.0,0.0,0.0,0.0,0.0,0.0,0.0,0.0,0.0,30.0,30.0
20.342756902178128,30.0,30.0,27.0,0.0,0.0,30.0,30.0,30.0,30.0,30.0,30.0,30.0,30.0,30.0,30.0,30.0,30.0,0.0,30.0,30.0,30.0,30.0,0.0,30.0,30.0,30.0,30.0,30.0,30.0,0.0,30.0,0.0,0.0,30.0,0.0,0.0,0.0,0.0,0.0,30.0,0.0,0.0,0.0,0.0,0.0,0.0,0.0,0.0,0.0,0.0,0.0,0.0,0.0,0.0,30.0,30.0
20.581628629432784,30.0,30.0,30.0,0.0,0.0,30.0,30.0,30.0,30.0,30.0,30.0,30.0,30.0,30.0,30.0,30.0,30.0,0.0,30.0,30.0,30.0,30.0,0.0,30.0,30.0,30.0,30.0,30.0,30.0,0.0,30.0,0.0,0.0,30.0,0.0,0.0,0.0,0.0,0.0,30.0,0.0,0.0,0.0,0.0,0.0,0.0,0.0,0.0,0.0,0.0,0.0,0.0,0.0,0.0,30.0,30.0
20.58164164841175,30.0,30.0,30.0,0.0,5.0,30.0,30.0,30.0,30.0,30.0,30.0,30.0,30.0,30.0,30.0,30.0,30.0,0.0,30.0,30.0,30.0,30.0,0.0,30.0,30.0,30.0,30.0,30.0,30.0,0.0,30.0,0.0,0.0,30.0,0.0,0.0,0.0,0.0,0.0,30.0,0.0,0.0,0.0,0.0,0.0,0.0,0.0,0.0,0.0,0.0,0.0,0.0,0.0,0.0,30.0,30.0
20.581648101872868,30.0,30.0,30.0,0.0,5.0,30.0,30.0,30.0,30.0,30.0,30.0,30.0,30.0,30.0,30.0,30.0,30.0,30.0,30.0,30.0,30.0,30.0,0.0,30.0,30.0,30.0,30.0,30.0,30.0,0.0,30.0,0.0,0.0,30.0,0.0,0.0,0.0,0.0,0.0,30.0,0.0,0.0,0.0,0.0,0.0,0.0,0.0,0.0,0.0,0.0,0.0,0.0,0.0,0.0,30.0,30.0
20.581653753783968,30.0,30.0,30.0,0.0,5.0,30.0,30.0,30.0,30.0,30.0,30.0,30.0,30.0,30.0,30.0,30.0,30.0,30.0,30.0,30.0,30.0,30.0,0.0,30.0,30.0,30.0,30.0,30.0,30.0,30.0,30.0,0.0,0.0,30.0,0.0,0.0,0.0,0.0,0.0,30.0,0.0,0.0,0.0,0.0,0.0,0.0,0.0,0.0,0.0,0.0,0.0,0.0,0.0,0.0,30.0,30.0
20.581678436199824,30.0,30.0,30.0,0.0,5.0,30.0,30.0,30.0,30.0,30.0,30.0,30.0,30.0,30.0,30.0,30.0,30.0,30.0,30.0,30.0,30.0,30.0,0.0,30.0,30.0,30.0,30.0,30.0,30.0,30.0,30.0,0.0,0.0,30.0,30.0,0.0,0.0,0.0,0.0,30.0,0.0,0.0,0.0,0.0,0.0,0.0,0.0,0.0,0.0,0.0,0.0,0.0,0.0,0.0,30.0,30.0
20.7501444785462485,30.0,30.0,30.0,0.0,30.0,30.0,30.0,30.0,30.0,30.0,30.0,30.0,30.0,30.0,30.0,30.0,30.0,30.0,30.0,30.0,30.0,30.0,0.0,30.0,30.0,30.0,30.0,30.0,30.0,30.0,30.0,0.0,0.0,30.0,30.0,0.0,0.0,0.0,0.0,30.0,0.0,0.0,0.0,0.0,0.0,0.0,0.0,0.0,0.0,0.0,0.0,0.0,0.0,0.0,30.0,30.0
20.750145360827446,30.0,30.0,30.0,0.0,30.0,30.0,30.0,30.0,30.0,30.0,30.0,30.0,30.0,30.0,30.0,30.0,30.0,30.0,30.0,30.0,30.0,30.0,17.0,30.0,30.0,30.0,30.0,30.0,30.0,30.0,30.0,0.0,0.0,30.0,30.0,0.0,0.0,0.0,0.0,30.0,0.0,0.0,0.0,0.0,0.0,0.0,0.0,0.0,0.0,0.0,0.0,0.0,0.0,0.0,30.0,30.0
20.750146044625176,30.0,30.0,30.0,0.0,30.0,30.0,30.0,30.0,30.0,30.0,30.0,30.0,30.0,30.0,30.0,30.0,30.0,30.0,30.0,30.0,30.0,30.0,17.0,30.0,30.0,30.0,30.0,30.0,30.0,30.0,30.0,30.0,0.0,30.0,30.0,0.0,0.0,0.0,0.0,30.0,0.0,0.0,0.0,0.0,0.0,0.0,0.0,0.0,0.0,0.0,0.0,0.0,0.0,0.0,30.0,30.0
20.750146557688713,30.0,30.0,30.0,0.0,30.0,30.0,30.0,30.0,30.0,30.0,30.0,30.0,30.0,30.0,30.0,30.0,30.0,30.0,30.0,30.0,30.0,30.0,17.0,30.0,30.0,30.0,30.0,30.0,30.0,30.0,30.0,30.0,30.0,30.0,30.0,0.0,0.0,0.0,0.0,30.0,0.0,0.0,0.0,0.0,0.0,0.0,0.0,0.0,0.0,0.0,0.0,0.0,0.0,0.0,30.0,30.0
20.750146643651856,30.0,30.0,30.0,0.0,30.0,30.0,30.0,30.0,30.0,30.0,30.0,30.0,30.0,30.0,30.0,30.0,30.0,30.0,30.0,30.0,30.0,30.0,17.0,30.0,30.0,30.0,30.0,30.0,30.0,30.0,30.0,30.0,30.0,30.0,30.0,0.0,30.0,0.0,0.0,30.0,0.0,0.0,0.0,0.0,0.0,0.0,0.0,0.0,0.0,0.0,0.0,0.0,0.0,0.0,30.0,30.0
20.750146878096793,30.0,30.0,30.0,0.0,30.0,30.0,30.0,30.0,30.0,30.0,30.0,30.0,30.0,30.0,30.0,30.0,30.0,30.0,30.0,30.0,30.0,30.0,17.0,30.0,30.0,30.0,30.0,30.0,30.0,30.0,30.0,30.0,30.0,30.0,30.0,0.0,30.0,30.0,0.0,30.0,0.0,0.0,0.0,0.0,0.0,0.0,0.0,0.0,0.0,0.0,0.0,0.0,0.0,0.0,30.0,30.0
20.7501471385690905,30.0,30.0,30.0,0.0,30.0,30.0,30.0,30.0,30.0,30.0,30.0,30.0,30.0,30.0,30.0,30.0,30.0,30.0,30.0,30.0,30.0,30.0,17.0,30.0,30.0,30.0,30.0,30.0,30.0,30.0,30.0,30.0,30.0,30.0,30.0,0.0,30.0,30.0,0.0,30.0,0.0,0.0,0.0,30.0,0.0,0.0,0.0,0.0,0.0,0.0,0.0,0.0,0.0,0.0,30.0,30.0
20.75014719095495,30.0,30.0,30.0,0.0,30.0,30.0,30.0,30.0,30.0,30.0,30.0,30.0,30.0,30.0,30.0,30.0,30.0,30.0,30.0,30.0,30.0,30.0,17.0,30.0,30.0,30.0,30.0,30.0,30.0,30.0,30.0,30.0,30.0,30.0,30.0,0.0,30.0,30.0,0.0,30.0,0.0,0.0,0.0,30.0,30.0,0.0,0.0,0.0,0.0,0.0,0.0,0.0,0.0,0.0,30.0,30.0
20.750147421624925,30.0,30.0,30.0,0.0,30.0,30.0,30.0,30.0,30.0,30.0,30.0,30.0,30.0,30.0,30.0,30.0,30.0,30.0,30.0,30.0,30.0,30.0,17.0,30.0,30.0,30.0,30.0,30.0,30.0,30.0,30.0,30.0,30.0,30.0,30.0,0.0,30.0,30.0,0.0,30.0,0.0,0.0,0.0,30.0,30.0,30.0,0.0,0.0,0.0,0.0,0.0,0.0,0.0,0.0,30.0,30.0
20.750147488779492,30.0,30.0,30.0,0.0,30.0,30.0,30.0,30.0,30.0,30.0,30.0,30.0,30.0,30.0,30.0,30.0,30.0,30.0,30.0,30.0,30.0,30.0,17.0,30.0,30.0,30.0,30.0,30.0,30.0,30.0,30.0,30.0,30.0,30.0,30.0,0.0,30.0,30.0,0.0,30.0,0.0,0.0,0.0,30.0,30.0,30.0,0.0,0.0,0.0,0.0,0.0,0.0,0.0,30.0,30.0,30.0
21.018044573134846,30.0,30.0,30.0,0.0,30.0,30.0,30.0,30.0,30.0,30.0,30.0,30.0,30.0,30.0,30.0,30.0,30.0,30.0,30.0,30.0,30.0,30.0,17.0,30.0,30.0,30.0,30.0,30.0,30.0,30.0,30.0,30.0,30.0,30.0,30.0,0.0,30.0,30.0,0.0,30.0,0.0,0.0,0.0,30.0,30.0,1.0,0.0,0.0,0.0,0.0,0.0,0.0,0.0,30.0,30.0,30.0
21.042096113695039,30.0,30.0,30.0,0.0,30.0,30.0,30.0,30.0,30.0,30.0,30.0,30.0,30.0,30.0,30.0,30.0,30.0,30.0,30.0,30.0,30.0,30.0,0.0,30.0,30.0,30.0,30.0,30.0,30.0,30.0,30.0,30.0,30.0,30.0,30.0,0.0,30.0,30.0,0.0,30.0,0.0,0.0,0.0,30.0,30.0,1.0,0.0,0.0,0.0,0.0,0.0,0.0,0.0,30.0,30.0,30.0
21.114276149670283,30.0,30.0,30.0,0.0,30.0,30.0,30.0,30.0,30.0,9.0,30.0,30.0,30.0,30.0,30.0,30.0,30.0,30.0,30.0,30.0,30.0,30.0,0.0,30.0,30.0,30.0,30.0,30.0,30.0,30.0,30.0,30.0,30.0,30.0,30.0,0.0,30.0,30.0,0.0,30.0,0.0,0.0,0.0,30.0,30.0,1.0,0.0,0.0,0.0,0.0,0.0,0.0,0.0,30.0,30.0,30.0
21.121530195209715,30.0,30.0,30.0,0.0,0.0,30.0,30.0,30.0,30.0,9.0,30.0,30.0,30.0,30.0,30.0,30.0,30.0,30.0,30.0,30.0,30.0,30.0,0.0,30.0,30.0,30.0,30.0,30.0,30.0,30.0,30.0,30.0,30.0,30.0,30.0,0.0,30.0,30.0,0.0,30.0,0.0,0.0,0.0,30.0,30.0,1.0,0.0,0.0,0.0,0.0,0.0,0.0,0.0,30.0,30.0,30.0
21.258470261693001,30.0,30.0,30.0,0.0,0.0,30.0,30.0,30.0,30.0,9.0,30.0,30.0,30.0,30.0,30.0,30.0,0.0,30.0,30.0,30.0,30.0,30.0,0.0,30.0,30.0,30.0,30.0,30.0,30.0,30.0,30.0,30.0,30.0,30.0,30.0,0.0,30.0,30.0,0.0,30.0,0.0,0.0,0.0,30.0,30.0,1.0,0.0,0.0,0.0,0.0,0.0,0.0,0.0,30.0,30.0,30.0
21.260318678617478,30.0,30.0,30.0,0.0,0.0,30.0,30.0,30.0,30.0,9.0,30.0,30.0,30.0,30.0,30.0,30.0,0.0,30.0,0.0,30.0,30.0,30.0,0.0,30.0,30.0,30.0,30.0,30.0,30.0,30.0,30.0,30.0,30.0,30.0,30.0,0.0,30.0,30.0,0.0,30.0,0.0,0.0,0.0,30.0,30.0,1.0,0.0,0.0,0.0,0.0,0.0,0.0,0.0,30.0,30.0,30.0
21.270689920186997,30.0,30.0,30.0,0.0,0.0,30.0,30.0,30.0,30.0,9.0,30.0,30.0,30.0,30.0,30.0,30.0,0.0,30.0,0.0,30.0,30.0,30.0,0.0,30.0,30.0,30.0,0.0,30.0,30.0,30.0,30.0,30.0,30.0,30.0,30.0,0.0,30.0,30.0,0.0,30.0,0.0,0.0,0.0,30.0,30.0,1.0,0.0,0.0,0.0,0.0,0.0,0.0,0.0,30.0,30.0,30.0
21.278579794698292,30.0,30.0,30.0,0.0,0.0,30.0,30.0,30.0,30.0,9.0,30.0,30.0,30.0,30.0,30.0,30.0,0.0,30.0,0.0,30.0,30.0,30.0,0.0,30.0,30.0,30.0,0.0,30.0,0.0,30.0,30.0,30.0,30.0,30.0,30.0,0.0,30.0,30.0,0.0,30.0,0.0,0.0,0.0,30.0,30.0,1.0,0.0,0.0,0.0,0.0,0.0,0.0,0.0,30.0,30.0,30.0
21.2915465730428695,30.0,30.0,30.0,0.0,0.0,30.0,30.0,30.0,30.0,9.0,30.0,30.0,30.0,30.0,30.0,30.0,0.0,30.0,0.0,30.0,30.0,30.0,0.0,30.0,30.0,30.0,0.0,30.0,0.0,30.0,30.0,0.0,30.0,30.0,30.0,0.0,30.0,30.0,0.0,30.0,0.0,0.0,0.0,30.0,30.0,1.0,0.0,0.0,0.0,0.0,0.0,0.0,0.0,30.0,30.0,30.0
21.2944562964969215,30.0,30.0,30.0,0.0,0.0,30.0,30.0,30.0,30.0,9.0,30.0,30.0,30.0,30.0,30.0,30.0,0.0,30.0,0.0,30.0,30.0,30.0,0.0,30.0,30.0,30.0,0.0,30.0,0.0,30.0,30.0,0.0,0.0,30.0,30.0,0.0,30.0,30.0,0.0,30.0,0.0,0.0,0.0,30.0,30.0,1.0,0.0,0.0,0.0,0.0,0.0,0.0,0.0,30.0,30.0,30.0
21.298048983083831,30.0,30.0,30.0,0.0,0.0,30.0,30.0,30.0,30.0,9.0,30.0,30.0,30.0,30.0,30.0,30.0,0.0,30.0,0.0,30.0,30.0,30.0,0.0,30.0,30.0,30.0,0.0,30.0,0.0,30.0,30.0,0.0,0.0,0.0,30.0,0.0,30.0,30.0,0.0,30.0,0.0,0.0,0.0,30.0,30.0,1.0,0.0,0.0,0.0,0.0,0.0,0.0,0.0,30.0,30.0,30.0
21.303728384243118,30.0,30.0,30.0,0.0,0.0,30.0,30.0,30.0,30.0,9.0,30.0,30.0,30.0,30.0,30.0,30.0,0.0,30.0,0.0,30.0,30.0,30.0,0.0,30.0,30.0,30.0,0.0,30.0,0.0,30.0,30.0,0.0,0.0,0.0,30.0,0.0,0.0,30.0,0.0,30.0,0.0,0.0,0.0,30.0,30.0,1.0,0.0,0.0,0.0,0.0,0.0,0.0,0.0,30.0,30.0,30.0
21.3037351844045855,30.0,30.0,30.0,0.0,0.0,30.0,30.0,30.0,30.0,9.0,30.0,30.0,30.0,30.0,30.0,30.0,0.0,30.0,0.0,30.0,30.0,30.0,0.0,30.0,30.0,30.0,0.0,30.0,0.0,30.0,30.0,0.0,0.0,0.0,30.0,0.0,0.0,0.0,0.0,30.0,0.0,0.0,0.0,30.0,30.0,1.0,0.0,0.0,0.0,0.0,0.0,0.0,0.0,30.0,30.0,30.0
21.3037360741032495,30.0,30.0,30.0,0.0,0.0,30.0,30.0,30.0,30.0,9.0,30.0,30.0,30.0,30.0,30.0,30.0,0.0,30.0,0.0,30.0,30.0,30.0,0.0,30.0,30.0,30.0,0.0,30.0,0.0,30.0,30.0,0.0,0.0,0.0,30.0,0.0,0.0,0.0,0.0,30.0,0.0,0.0,0.0,0.0,30.0,1.0,0.0,0.0,0.0,0.0,0.0,0.0,0.0,30.0,30.0,30.0
21.303736135098669,30.0,30.0,30.0,0.0,0.0,30.0,30.0,30.0,30.0,9.0,30.0,30.0,30.0,30.0,30.0,30.0,0.0,30.0,0.0,30.0,30.0,30.0,0.0,30.0,30.0,30.0,0.0,30.0,0.0,30.0,30.0,0.0,0.0,0.0,30.0,0.0,0.0,0.0,0.0,30.0,0.0,0.0,0.0,0.0,0.0,1.0,0.0,0.0,0.0,0.0,0.0,0.0,0.0,30.0,30.0,30.0
21.303736357490222,30.0,30.0,30.0,0.0,0.0,30.0,30.0,30.0,30.0,9.0,30.0,30.0,30.0,30.0,30.0,30.0,0.0,30.0,0.0,30.0,30.0,30.0,0.0,30.0,30.0,30.0,0.0,30.0,0.0,30.0,30.0,0.0,0.0,0.0,30.0,0.0,0.0,0.0,0.0,30.0,0.0,0.0,0.0,0.0,0.0,0.0,0.0,0.0,0.0,0.0,0.0,0.0,0.0,30.0,30.0,30.0
21.3037364369630815,30.0,30.0,30.0,0.0,0.0,30.0,30.0,30.0,30.0,9.0,30.0,30.0,30.0,30.0,30.0,30.0,0.0,30.0,0.0,30.0,30.0,30.0,0.0,30.0,30.0,30.0,0.0,30.0,0.0,30.0,30.0,0.0,0.0,0.0,30.0,0.0,0.0,0.0,0.0,30.0,0.0,0.0,0.0,0.0,0.0,0.0,0.0,0.0,0.0,0.0,0.0,0.0,0.0,0.0,30.0,30.0
21.314193792674277,30.0,30.0,30.0,0.0,0.0,30.0,30.0,30.0,30.0,30.0,30.0,30.0,30.0,30.0,30.0,30.0,0.0,30.0,0.0,30.0,30.0,30.0,0.0,30.0,30.0,30.0,0.0,30.0,0.0,30.0,30.0,0.0,0.0,0.0,30.0,0.0,0.0,0.0,0.0,30.0,0.0,0.0,0.0,0.0,0.0,0.0,0.0,0.0,0.0,0.0,0.0,0.0,0.0,0.0,30.0,30.0
21.314221204916636,30.0,30.0,30.0,0.0,0.0,30.0,30.0,30.0,30.0,30.0,30.0,30.0,30.0,30.0,30.0,30.0,0.0,30.0,0.0,30.0,30.0,30.0,0.0,30.0,30.0,30.0,30.0,30.0,0.0,30.0,30.0,0.0,0.0,0.0,30.0,0.0,0.0,0.0,0.0,30.0,0.0,0.0,0.0,0.0,0.0,0.0,0.0,0.0,0.0,0.0,0.0,0.0,0.0,0.0,30.0,30.0
21.314230997032589,30.0,30.0,30.0,0.0,0.0,30.0,30.0,30.0,30.0,30.0,30.0,30.0,30.0,30.0,30.0,30.0,0.0,30.0,0.0,30.0,30.0,30.0,0.0,30.0,30.0,30.0,30.0,30.0,0.0,30.0,30.0,30.0,0.0,0.0,30.0,0.0,0.0,0.0,0.0,30.0,0.0,0.0,0.0,0.0,0.0,0.0,0.0,0.0,0.0,0.0,0.0,0.0,0.0,0.0,30.0,30.0
21.314237681494819,30.0,30.0,30.0,0.0,0.0,30.0,30.0,30.0,30.0,30.0,30.0,30.0,30.0,30.0,30.0,30.0,0.0,30.0,0.0,30.0,30.0,30.0,0.0,30.0,30.0,30.0,30.0,30.0,0.0,30.0,30.0,30.0,0.0,0.0,30.0,0.0,0.0,20.0,0.0,30.0,0.0,0.0,0.0,0.0,0.0,0.0,0.0,0.0,0.0,0.0,0.0,0.0,0.0,0.0,30.0,30.0
21.314238769279586,30.0,30.0,30.0,0.0,0.0,30.0,30.0,30.0,30.0,30.0,30.0,30.0,30.0,30.0,30.0,30.0,0.0,30.0,0.0,30.0,30.0,30.0,0.0,30.0,30.0,30.0,30.0,30.0,0.0,30.0,30.0,30.0,0.0,0.0,30.0,0.0,0.0,20.0,0.0,30.0,0.0,0.0,0.0,30.0,0.0,0.0,0.0,0.0,0.0,0.0,0.0,0.0,0.0,0.0,30.0,30.0
21.318473231461313,30.0,30.0,30.0,0.0,0.0,0.0,30.0,30.0,30.0,30.0,30.0,30.0,30.0,30.0,30.0,30.0,0.0,30.0,0.0,30.0,30.0,30.0,0.0,30.0,30.0,30.0,30.0,30.0,0.0,30.0,30.0,30.0,0.0,0.0,30.0,0.0,0.0,20.0,0.0,30.0,0.0,0.0,0.0,30.0,0.0,0.0,0.0,0.0,0.0,0.0,0.0,0.0,0.0,0.0,30.0,30.0
21.325148099793328,30.0,30.0,30.0,0.0,0.0,0.0,30.0,30.0,30.0,30.0,30.0,30.0,30.0,30.0,30.0,30.0,0.0,0.0,0.0,30.0,30.0,30.0,0.0,30.0,30.0,30.0,30.0,30.0,0.0,30.0,30.0,30.0,0.0,0.0,30.0,0.0,0.0,20.0,0.0,30.0,0.0,0.0,0.0,30.0,0.0,0.0,0.0,0.0,0.0,0.0,0.0,0.0,0.0,0.0,30.0,30.0
21.3329875217543705,30.0,30.0,30.0,0.0,0.0,0.0,30.0,30.0,30.0,30.0,30.0,30.0,30.0,30.0,30.0,30.0,0.0,0.0,0.0,30.0,30.0,0.0,0.0,30.0,30.0,30.0,30.0,30.0,0.0,30.0,30.0,30.0,0.0,0.0,30.0,0.0,0.0,20.0,0.0,30.0,0.0,0.0,0.0,30.0,0.0,0.0,0.0,0.0,0.0,0.0,0.0,0.0,0.0,0.0,30.0,30.0
21.349823938078351,30.0,30.0,30.0,0.0,0.0,0.0,30.0,30.0,30.0,30.0,30.0,30.0,30.0,30.0,30.0,30.0,0.0,0.0,0.0,30.0,30.0,0.0,0.0,30.0,30.0,30.0,30.0,30.0,0.0,0.0,30.0,30.0,0.0,0.0,30.0,0.0,0.0,20.0,0.0,30.0,0.0,0.0,0.0,30.0,0.0,0.0,0.0,0.0,0.0,0.0,0.0,0.0,0.0,0.0,30.0,30.0
21.376939860052532,30.0,30.0,30.0,0.0,0.0,0.0,30.0,30.0,30.0,30.0,30.0,30.0,30.0,30.0,30.0,30.0,0.0,0.0,0.0,30.0,30.0,0.0,0.0,30.0,30.0,30.0,30.0,30.0,0.0,0.0,30.0,30.0,0.0,0.0,30.0,0.0,0.0,20.0,0.0,30.0,0.0,0.0,0.0,30.0,0.0,0.0,0.0,0.0,0.0,0.0,0.0,0.0,0.0,0.0,0.0,30.0
21.386068743136194,30.0,30.0,30.0,0.0,0.0,15.0,30.0,30.0,30.0,30.0,30.0,30.0,30.0,30.0,30.0,30.0,0.0,0.0,0.0,30.0,30.0,0.0,0.0,30.0,30.0,30.0,30.0,30.0,0.0,0.0,30.0,30.0,0.0,0.0,30.0,0.0,0.0,20.0,0.0,30.0,0.0,0.0,0.0,30.0,0.0,0.0,0.0,0.0,0.0,0.0,0.0,0.0,0.0,0.0,0.0,30.0
21.386090688970354,30.0,30.0,30.0,0.0,0.0,15.0,30.0,30.0,30.0,30.0,30.0,30.0,30.0,30.0,30.0,30.0,0.0,30.0,0.0,30.0,30.0,0.0,0.0,30.0,30.0,30.0,30.0,30.0,0.0,0.0,30.0,30.0,0.0,0.0,30.0,0.0,0.0,20.0,0.0,30.0,0.0,0.0,0.0,30.0,0.0,0.0,0.0,0.0,0.0,0.0,0.0,0.0,0.0,0.0,0.0,30.0
21.3860981687572265,30.0,30.0,30.0,0.0,0.0,15.0,30.0,30.0,30.0,30.0,30.0,30.0,30.0,30.0,30.0,30.0,0.0,30.0,0.0,30.0,30.0,0.0,0.0,30.0,30.0,30.0,30.0,30.0,0.0,0.0,30.0,30.0,0.0,0.0,30.0,0.0,0.0,30.0,0.0,30.0,0.0,0.0,0.0,30.0,0.0,0.0,0.0,0.0,0.0,0.0,0.0,0.0,0.0,0.0,0.0,30.0
21.386105602582296,30.0,30.0,30.0,0.0,0.0,15.0,30.0,30.0,30.0,30.0,30.0,30.0,30.0,30.0,30.0,30.0,0.0,30.0,0.0,30.0,30.0,0.0,0.0,30.0,30.0,30.0,30.0,30.0,0.0,0.0,30.0,30.0,0.0,0.0,30.0,0.0,0.0,30.0,0.0,30.0,0.0,0.0,0.0,30.0,0.0,0.0,0.0,0.0,0.0,0.0,0.0,0.0,0.0,0.0,30.0,30.0
21.614561277296808,30.0,30.0,30.0,0.0,0.0,30.0,30.0,30.0,30.0,30.0,30.0,30.0,30.0,30.0,30.0,30.0,0.0,30.0,0.0,30.0,30.0,0.0,0.0,30.0,30.0,30.0,30.0,30.0,0.0,0.0,30.0,30.0,0.0,0.0,30.0,0.0,0.0,30.0,0.0,30.0,0.0,0.0,0.0,30.0,0.0,0.0,0.0,0.0,0.0,0.0,0.0,0.0,0.0,0.0,30.0,30.0
21.614569892883301,30.0,30.0,30.0,0.0,0.0,30.0,30.0,30.0,30.0,30.0,30.0,30.0,30.0,30.0,30.0,30.0,30.0,30.0,0.0,30.0,30.0,0.0,0.0,30.0,30.0,30.0,30.0,30.0,0.0,0.0,30.0,30.0,0.0,0.0,30.0,0.0,0.0,30.0,0.0,30.0,0.0,0.0,0.0,30.0,0.0,0.0,0.0,0.0,0.0,0.0,0.0,0.0,0.0,0.0,30.0,30.0
21.6145832416746355,30.0,30.0,30.0,0.0,0.0,30.0,30.0,30.0,30.0,30.0,30.0,30.0,30.0,30.0,30.0,30.0,30.0,30.0,30.0,30.0,30.0,0.0,0.0,30.0,30.0,30.0,30.0,30.0,0.0,0.0,30.0,30.0,0.0,0.0,30.0,0.0,0.0,30.0,0.0,30.0,0.0,0.0,0.0,30.0,0.0,0.0,0.0,0.0,0.0,0.0,0.0,0.0,0.0,0.0,30.0,30.0
21.614597668515311,30.0,30.0,30.0,0.0,0.0,30.0,30.0,30.0,30.0,30.0,30.0,30.0,30.0,30.0,30.0,30.0,30.0,30.0,30.0,30.0,30.0,30.0,0.0,30.0,30.0,30.0,30.0,30.0,0.0,0.0,30.0,30.0,0.0,0.0,30.0,0.0,0.0,30.0,0.0,30.0,0.0,0.0,0.0,30.0,0.0,0.0,0.0,0.0,0.0,0.0,0.0,0.0,0.0,0.0,30.0,30.0
21.614607509109709,30.0,30.0,30.0,0.0,0.0,30.0,30.0,30.0,30.0,30.0,30.0,30.0,30.0,30.0,30.0,30.0,30.0,30.0,30.0,30.0,30.0,30.0,0.0,30.0,30.0,30.0,30.0,30.0,30.0,0.0,30.0,30.0,0.0,0.0,30.0,0.0,0.0,30.0,0.0,30.0,0.0,0.0,0.0,30.0,0.0,0.0,0.0,0.0,0.0,0.0,0.0,0.0,0.0,0.0,30.0,30.0
21.614615486860275,30.0,30.0,30.0,0.0,0.0,30.0,30.0,30.0,30.0,30.0,30.0,30.0,30.0,30.0,30.0,30.0,30.0,30.0,30.0,30.0,30.0,30.0,0.0,30.0,30.0,30.0,30.0,30.0,30.0,30.0,30.0,30.0,0.0,0.0,30.0,0.0,0.0,30.0,0.0,30.0,0.0,0.0,0.0,30.0,0.0,0.0,0.0,0.0,0.0,0.0,0.0,0.0,0.0,0.0,30.0,30.0
21.614629206591182,30.0,30.0,30.0,0.0,0.0,30.0,30.0,30.0,30.0,30.0,30.0,30.0,30.0,30.0,30.0,30.0,30.0,30.0,30.0,30.0,30.0,30.0,0.0,30.0,30.0,30.0,30.0,30.0,30.0,30.0,30.0,30.0,0.0,14.0,30.0,0.0,0.0,30.0,0.0,30.0,0.0,0.0,0.0,30.0,0.0,0.0,0.0,0.0,0.0,0.0,0.0,0.0,0.0,0.0,30.0,30.0
21.614630539814631,30.0,30.0,30.0,0.0,0.0,30.0,30.0,30.0,30.0,30.0,30.0,30.0,30.0,30.0,30.0,30.0,30.0,30.0,30.0,30.0,30.0,30.0,0.0,30.0,30.0,30.0,30.0,30.0,30.0,30.0,30.0,30.0,0.0,14.0,30.0,0.0,0.0,30.0,0.0,30.0,0.0,0.0,0.0,30.0,30.0,0.0,0.0,0.0,0.0,0.0,0.0,0.0,0.0,0.0,30.0,30.0
21.614630782736672,30.0,30.0,30.0,0.0,0.0,30.0,30.0,30.0,30.0,30.0,30.0,30.0,30.0,30.0,30.0,30.0,30.0,30.0,30.0,30.0,30.0,30.0,0.0,30.0,30.0,30.0,30.0,30.0,30.0,30.0,30.0,30.0,0.0,14.0,30.0,0.0,0.0,30.0,0.0,30.0,0.0,0.0,0.0,30.0,30.0,30.0,0.0,0.0,0.0,0.0,0.0,0.0,0.0,0.0,30.0,30.0
21.864538279838032,30.0,30.0,30.0,0.0,0.0,30.0,30.0,30.0,30.0,30.0,30.0,30.0,30.0,30.0,30.0,30.0,30.0,30.0,30.0,30.0,30.0,30.0,0.0,30.0,30.0,30.0,30.0,30.0,28.0,30.0,30.0,30.0,0.0,14.0,30.0,0.0,0.0,30.0,0.0,30.0,0.0,0.0,0.0,30.0,30.0,30.0,0.0,0.0,0.0,0.0,0.0,0.0,0.0,0.0,30.0,30.0
21.942189081443681,30.0,30.0,30.0,0.0,0.0,30.0,30.0,30.0,30.0,30.0,30.0,30.0,30.0,30.0,30.0,30.0,30.0,30.0,30.0,30.0,30.0,30.0,0.0,30.0,30.0,30.0,30.0,30.0,28.0,30.0,30.0,30.0,0.0,0.0,30.0,0.0,0.0,30.0,0.0,30.0,0.0,0.0,0.0,30.0,30.0,30.0,0.0,0.0,0.0,0.0,0.0,0.0,0.0,0.0,30.0,30.0
21.970373800860511,30.0,30.0,30.0,0.0,0.0,30.0,30.0,30.0,30.0,30.0,30.0,30.0,30.0,30.0,30.0,30.0,30.0,30.0,30.0,30.0,30.0,30.0,0.0,30.0,30.0,30.0,30.0,30.0,28.0,30.0,30.0,30.0,0.0,0.0,30.0,0.0,0.0,30.0,0.0,30.0,0.0,0.0,0.0,30.0,0.0,30.0,0.0,0.0,0.0,0.0,0.0,0.0,0.0,0.0,30.0,30.0
22.365960873564084,30.0,30.0,30.0,0.0,0.0,30.0,30.0,30.0,30.0,30.0,30.0,30.0,30.0,30.0,30.0,30.0,30.0,30.0,30.0,30.0,30.0,30.0,0.0,13.0,30.0,30.0,30.0,30.0,28.0,30.0,30.0,30.0,0.0,0.0,30.0,0.0,0.0,30.0,0.0,30.0,0.0,0.0,0.0,30.0,0.0,30.0,0.0,0.0,0.0,0.0,0.0,0.0,0.0,0.0,30.0,30.0
22.366719337436887,30.0,30.0,30.0,0.0,0.0,0.0,30.0,30.0,30.0,30.0,30.0,30.0,30.0,30.0,30.0,30.0,30.0,30.0,30.0,30.0,30.0,30.0,0.0,13.0,30.0,30.0,30.0,30.0,28.0,30.0,30.0,30.0,0.0,0.0,30.0,0.0,0.0,30.0,0.0,30.0,0.0,0.0,0.0,30.0,0.0,30.0,0.0,0.0,0.0,0.0,0.0,0.0,0.0,0.0,30.0,30.0
22.36702243261867,30.0,30.0,30.0,0.0,0.0,0.0,0.0,30.0,30.0,30.0,30.0,30.0,30.0,30.0,30.0,30.0,30.0,30.0,30.0,30.0,30.0,30.0,0.0,13.0,30.0,30.0,30.0,30.0,28.0,30.0,30.0,30.0,0.0,0.0,30.0,0.0,0.0,30.0,0.0,30.0,0.0,0.0,0.0,30.0,0.0,30.0,0.0,0.0,0.0,0.0,0.0,0.0,0.0,0.0,30.0,30.0
22.36804773496257,30.0,30.0,30.0,0.0,0.0,0.0,0.0,30.0,30.0,0.0,30.0,30.0,30.0,30.0,30.0,30.0,30.0,30.0,30.0,30.0,30.0,30.0,0.0,13.0,30.0,30.0,30.0,30.0,28.0,30.0,30.0,30.0,0.0,0.0,30.0,0.0,0.0,30.0,0.0,30.0,0.0,0.0,0.0,30.0,0.0,30.0,0.0,0.0,0.0,0.0,0.0,0.0,0.0,0.0,30.0,30.0
22.368692747486962,30.0,30.0,30.0,0.0,0.0,0.0,0.0,30.0,30.0,0.0,30.0,30.0,0.0,30.0,30.0,30.0,30.0,30.0,30.0,30.0,30.0,30.0,0.0,13.0,30.0,30.0,30.0,30.0,28.0,30.0,30.0,30.0,0.0,0.0,30.0,0.0,0.0,30.0,0.0,30.0,0.0,0.0,0.0,30.0,0.0,30.0,0.0,0.0,0.0,0.0,0.0,0.0,0.0,0.0,30.0,30.0
22.369514126115375,30.0,30.0,30.0,0.0,0.0,0.0,0.0,30.0,30.0,0.0,30.0,30.0,0.0,30.0,30.0,0.0,30.0,30.0,30.0,30.0,30.0,30.0,0.0,13.0,30.0,30.0,30.0,30.0,28.0,30.0,30.0,30.0,0.0,0.0,30.0,0.0,0.0,30.0,0.0,30.0,0.0,0.0,0.0,30.0,0.0,30.0,0.0,0.0,0.0,0.0,0.0,0.0,0.0,0.0,30.0,30.0
22.369965738389228,30.0,30.0,30.0,0.0,0.0,0.0,0.0,30.0,30.0,0.0,30.0,30.0,0.0,30.0,30.0,0.0,0.0,30.0,30.0,30.0,30.0,30.0,0.0,13.0,30.0,30.0,30.0,30.0,28.0,30.0,30.0,30.0,0.0,0.0,30.0,0.0,0.0,30.0,0.0,30.0,0.0,0.0,0.0,30.0,0.0,30.0,0.0,0.0,0.0,0.0,0.0,0.0,0.0,0.0,30.0,30.0
22.370081880953578,30.0,30.0,30.0,0.0,0.0,0.0,0.0,30.0,30.0,0.0,30.0,30.0,0.0,30.0,30.0,0.0,0.0,0.0,30.0,30.0,30.0,30.0,0.0,13.0,30.0,30.0,30.0,30.0,28.0,30.0,30.0,30.0,0.0,0.0,30.0,0.0,0.0,30.0,0.0,30.0,0.0,0.0,0.0,30.0,0.0,30.0,0.0,0.0,0.0,0.0,0.0,0.0,0.0,0.0,30.0,30.0
22.370504540933503,30.0,30.0,30.0,0.0,0.0,0.0,0.0,30.0,30.0,0.0,30.0,30.0,0.0,30.0,30.0,0.0,0.0,0.0,0.0,30.0,30.0,30.0,0.0,13.0,30.0,30.0,30.0,30.0,28.0,30.0,30.0,30.0,0.0,0.0,30.0,0.0,0.0,30.0,0.0,30.0,0.0,0.0,0.0,30.0,0.0,30.0,0.0,0.0,0.0,0.0,0.0,0.0,0.0,0.0,30.0,30.0
22.370748059749603,30.0,30.0,30.0,0.0,0.0,0.0,0.0,30.0,30.0,0.0,30.0,30.0,0.0,30.0,30.0,0.0,0.0,0.0,0.0,0.0,30.0,30.0,0.0,13.0,30.0,30.0,30.0,30.0,28.0,30.0,30.0,30.0,0.0,0.0,30.0,0.0,0.0,30.0,0.0,30.0,0.0,0.0,0.0,30.0,0.0,30.0,0.0,0.0,0.0,0.0,0.0,0.0,0.0,0.0,30.0,30.0
22.371367261807125,30.0,30.0,30.0,0.0,0.0,0.0,0.0,30.0,30.0,0.0,30.0,30.0,0.0,30.0,30.0,0.0,0.0,0.0,0.0,0.0,0.0,30.0,0.0,13.0,30.0,30.0,30.0,30.0,28.0,30.0,30.0,30.0,0.0,0.0,30.0,0.0,0.0,30.0,0.0,30.0,0.0,0.0,0.0,30.0,0.0,30.0,0.0,0.0,0.0,0.0,0.0,0.0,0.0,0.0,30.0,30.0
22.37233751879798,30.0,30.0,30.0,0.0,0.0,0.0,0.0,30.0,30.0,0.0,30.0,30.0,0.0,30.0,30.0,0.0,0.0,0.0,0.0,0.0,0.0,0.0,0.0,13.0,30.0,30.0,30.0,30.0,28.0,30.0,30.0,30.0,0.0,0.0,30.0,0.0,0.0,30.0,0.0,30.0,0.0,0.0,0.0,30.0,0.0,30.0,0.0,0.0,0.0,0.0,0.0,0.0,0.0,0.0,30.0,30.0
22.375195001297527,30.0,30.0,30.0,0.0,0.0,0.0,0.0,30.0,30.0,0.0,30.0,30.0,0.0,30.0,30.0,0.0,0.0,0.0,0.0,0.0,0.0,0.0,0.0,13.0,0.0,30.0,30.0,30.0,28.0,30.0,30.0,30.0,0.0,0.0,30.0,0.0,0.0,30.0,0.0,30.0,0.0,0.0,0.0,30.0,0.0,30.0,0.0,0.0,0.0,0.0,0.0,0.0,0.0,0.0,30.0,30.0
22.375485212869114,30.0,30.0,30.0,0.0,0.0,0.0,0.0,30.0,30.0,0.0,30.0,30.0,0.0,30.0,30.0,0.0,0.0,0.0,0.0,0.0,0.0,0.0,0.0,13.0,0.0,0.0,30.0,30.0,28.0,30.0,30.0,30.0,0.0,0.0,30.0,0.0,0.0,30.0,0.0,30.0,0.0,0.0,0.0,30.0,0.0,30.0,0.0,0.0,0.0,0.0,0.0,0.0,0.0,0.0,30.0,30.0
22.375953998102082,30.0,30.0,30.0,0.0,0.0,0.0,0.0,30.0,30.0,0.0,30.0,30.0,0.0,30.0,30.0,0.0,0.0,0.0,0.0,0.0,0.0,0.0,0.0,13.0,0.0,0.0,0.0,30.0,28.0,30.0,30.0,30.0,0.0,0.0,30.0,0.0,0.0,30.0,0.0,30.0,0.0,0.0,0.0,30.0,0.0,30.0,0.0,0.0,0.0,0.0,0.0,0.0,0.0,0.0,30.0,30.0
22.376656333870358,30.0,30.0,30.0,0.0,0.0,0.0,0.0,30.0,30.0,0.0,30.0,30.0,0.0,30.0,30.0,0.0,0.0,0.0,0.0,0.0,0.0,0.0,0.0,13.0,0.0,0.0,0.0,0.0,28.0,30.0,30.0,30.0,0.0,0.0,30.0,0.0,0.0,30.0,0.0,30.0,0.0,0.0,0.0,30.0,0.0,30.0,0.0,0.0,0.0,0.0,0.0,0.0,0.0,0.0,30.0,30.0
22.377266429199112,30.0,30.0,30.0,0.0,0.0,0.0,0.0,30.0,30.0,0.0,30.0,30.0,0.0,30.0,30.0,0.0,0.0,0.0,0.0,0.0,0.0,0.0,0.0,13.0,0.0,0.0,0.0,0.0,0.0,30.0,30.0,30.0,0.0,0.0,30.0,0.0,0.0,30.0,0.0,30.0,0.0,0.0,0.0,30.0,0.0,30.0,0.0,0.0,0.0,0.0,0.0,0.0,0.0,0.0,30.0,30.0
22.377527736756537,30.0,30.0,30.0,0.0,0.0,0.0,0.0,30.0,30.0,0.0,30.0,30.0,0.0,30.0,30.0,0.0,0.0,0.0,0.0,0.0,0.0,0.0,0.0,13.0,0.0,0.0,0.0,0.0,0.0,0.0,30.0,30.0,0.0,0.0,30.0,0.0,0.0,30.0,0.0,30.0,0.0,0.0,0.0,30.0,0.0,30.0,0.0,0.0,0.0,0.0,0.0,0.0,0.0,0.0,30.0,30.0
22.37924087981383,30.0,30.0,30.0,0.0,0.0,0.0,0.0,30.0,30.0,0.0,30.0,30.0,0.0,30.0,30.0,0.0,0.0,0.0,0.0,0.0,0.0,0.0,0.0,13.0,0.0,0.0,0.0,0.0,0.0,0.0,30.0,30.0,0.0,0.0,0.0,0.0,0.0,30.0,0.0,30.0,0.0,0.0,0.0,30.0,0.0,30.0,0.0,0.0,0.0,0.0,0.0,0.0,0.0,0.0,30.0,30.0
22.379244259595872,30.0,30.0,30.0,0.0,0.0,0.0,0.0,30.0,30.0,0.0,30.0,30.0,0.0,30.0,30.0,0.0,0.0,0.0,0.0,0.0,0.0,0.0,0.0,13.0,0.0,0.0,0.0,0.0,0.0,0.0,30.0,30.0,0.0,0.0,0.0,0.0,0.0,0.0,0.0,30.0,0.0,0.0,0.0,30.0,0.0,30.0,0.0,0.0,0.0,0.0,0.0,0.0,0.0,0.0,30.0,30.0
22.379246600866317,30.0,30.0,30.0,0.0,0.0,0.0,0.0,30.0,30.0,0.0,30.0,30.0,0.0,30.0,30.0,0.0,0.0,0.0,0.0,0.0,0.0,0.0,0.0,13.0,0.0,0.0,0.0,0.0,0.0,0.0,30.0,30.0,0.0,0.0,0.0,0.0,0.0,0.0,0.0,30.0,0.0,0.0,0.0,30.0,0.0,30.0,0.0,0.0,0.0,0.0,0.0,0.0,0.0,0.0,0.0,30.0
22.379250082638528,30.0,30.0,30.0,0.0,0.0,0.0,0.0,30.0,30.0,0.0,30.0,30.0,0.0,30.0,30.0,0.0,0.0,0.0,0.0,0.0,0.0,0.0,0.0,13.0,0.0,0.0,0.0,0.0,0.0,0.0,30.0,30.0,0.0,0.0,0.0,0.0,0.0,0.0,0.0,30.0,0.0,0.0,0.0,30.0,0.0,30.0,0.0,0.0,0.0,0.0,0.0,0.0,0.0,0.0,0.0,0.0
22.380076275070508,30.0,30.0,30.0,0.0,0.0,0.0,0.0,30.0,30.0,0.0,30.0,30.0,0.0,30.0,30.0,0.0,0.0,0.0,0.0,0.0,0.0,0.0,0.0,30.0,0.0,0.0,0.0,0.0,0.0,0.0,30.0,30.0,0.0,0.0,0.0,0.0,0.0,0.0,0.0,30.0,0.0,0.0,0.0,30.0,0.0,30.0,0.0,0.0,0.0,0.0,0.0,0.0,0.0,0.0,0.0,0.0
22.380087222059569,30.0,30.0,30.0,0.0,0.0,0.0,0.0,30.0,30.0,0.0,30.0,30.0,0.0,30.0,30.0,0.0,0.0,0.0,0.0,0.0,0.0,0.0,0.0,30.0,0.0,0.0,0.0,0.0,0.0,0.0,24.0,30.0,0.0,0.0,0.0,0.0,0.0,0.0,0.0,30.0,0.0,0.0,0.0,30.0,0.0,30.0,0.0,0.0,0.0,0.0,0.0,0.0,0.0,0.0,0.0,0.0
22.382680129143926,30.0,30.0,30.0,0.0,0.0,0.0,0.0,0.0,30.0,0.0,30.0,30.0,0.0,30.0,30.0,0.0,0.0,0.0,0.0,0.0,0.0,0.0,0.0,30.0,0.0,0.0,0.0,0.0,0.0,0.0,24.0,30.0,0.0,0.0,0.0,0.0,0.0,0.0,0.0,30.0,0.0,0.0,0.0,30.0,0.0,30.0,0.0,0.0,0.0,0.0,0.0,0.0,0.0,0.0,0.0,0.0
22.383242118822205,30.0,30.0,30.0,0.0,0.0,0.0,0.0,0.0,0.0,0.0,30.0,30.0,0.0,30.0,30.0,0.0,0.0,0.0,0.0,0.0,0.0,0.0,0.0,30.0,0.0,0.0,0.0,0.0,0.0,0.0,24.0,30.0,0.0,0.0,0.0,0.0,0.0,0.0,0.0,30.0,0.0,0.0,0.0,30.0,0.0,30.0,0.0,0.0,0.0,0.0,0.0,0.0,0.0,0.0,0.0,0.0
22.38651839421855,30.0,30.0,30.0,0.0,0.0,0.0,0.0,0.0,0.0,0.0,30.0,30.0,0.0,0.0,30.0,0.0,0.0,0.0,0.0,0.0,0.0,0.0,0.0,30.0,0.0,0.0,0.0,0.0,0.0,0.0,24.0,30.0,0.0,0.0,0.0,0.0,0.0,0.0,0.0,30.0,0.0,0.0,0.0,30.0,0.0,30.0,0.0,0.0,0.0,0.0,0.0,0.0,0.0,0.0,0.0,0.0
22.386679854326777,30.0,30.0,30.0,0.0,0.0,0.0,0.0,0.0,0.0,0.0,30.0,30.0,0.0,0.0,0.0,0.0,0.0,0.0,0.0,0.0,0.0,0.0,0.0,30.0,0.0,0.0,0.0,0.0,0.0,0.0,24.0,30.0,0.0,0.0,0.0,0.0,0.0,0.0,0.0,30.0,0.0,0.0,0.0,30.0,0.0,30.0,0.0,0.0,0.0,0.0,0.0,0.0,0.0,0.0,0.0,0.0
22.394088844723171,30.0,30.0,30.0,0.0,0.0,0.0,0.0,0.0,0.0,0.0,30.0,30.0,0.0,0.0,0.0,0.0,0.0,0.0,0.0,0.0,0.0,0.0,0.0,30.0,0.0,0.0,0.0,0.0,0.0,0.0,24.0,0.0,0.0,0.0,0.0,0.0,0.0,0.0,0.0,30.0,0.0,0.0,0.0,30.0,0.0,30.0,0.0,0.0,0.0,0.0,0.0,0.0,0.0,0.0,0.0,0.0
22.39443630417188,30.0,30.0,30.0,0.0,0.0,0.0,0.0,0.0,0.0,0.0,30.0,30.0,0.0,0.0,0.0,0.0,0.0,0.0,0.0,0.0,0.0,0.0,0.0,30.0,0.0,0.0,0.0,0.0,0.0,0.0,24.0,0.0,0.0,0.0,0.0,0.0,0.0,0.0,0.0,30.0,0.0,0.0,0.0,30.0,0.0,0.0,0.0,0.0,0.0,0.0,0.0,0.0,0.0,0.0,0.0,0.0
22.613775888151594,30.0,30.0,30.0,0.0,0.0,0.0,0.0,0.0,0.0,0.0,30.0,30.0,0.0,0.0,30.0,0.0,0.0,0.0,0.0,0.0,0.0,0.0,0.0,30.0,0.0,0.0,0.0,0.0,0.0,0.0,24.0,0.0,0.0,0.0,0.0,0.0,0.0,0.0,0.0,30.0,0.0,0.0,0.0,30.0,0.0,0.0,0.0,0.0,0.0,0.0,0.0,0.0,0.0,0.0,0.0,0.0
22.613783025542896,30.0,30.0,30.0,0.0,0.0,0.0,0.0,0.0,0.0,0.0,30.0,30.0,0.0,0.0,30.0,0.0,0.0,0.0,0.0,0.0,0.0,0.0,0.0,30.0,0.0,0.0,0.0,30.0,0.0,0.0,24.0,0.0,0.0,0.0,0.0,0.0,0.0,0.0,0.0,30.0,0.0,0.0,0.0,30.0,0.0,0.0,0.0,0.0,0.0,0.0,0.0,0.0,0.0,0.0,0.0,0.0
22.61379572974311,30.0,30.0,30.0,0.0,0.0,0.0,0.0,0.0,0.0,0.0,30.0,30.0,0.0,0.0,30.0,0.0,0.0,0.0,0.0,0.0,0.0,0.0,0.0,30.0,0.0,0.0,0.0,30.0,0.0,0.0,24.0,30.0,0.0,0.0,0.0,0.0,0.0,0.0,0.0,30.0,0.0,0.0,0.0,30.0,0.0,0.0,0.0,0.0,0.0,0.0,0.0,0.0,0.0,0.0,0.0,0.0
22.613797135220633,30.0,30.0,30.0,0.0,0.0,0.0,0.0,0.0,0.0,0.0,30.0,30.0,0.0,0.0,30.0,0.0,0.0,0.0,0.0,0.0,0.0,0.0,0.0,30.0,0.0,0.0,0.0,30.0,0.0,0.0,24.0,30.0,0.0,0.0,0.0,0.0,0.0,0.0,0.0,30.0,0.0,0.0,0.0,30.0,0.0,28.0,0.0,0.0,0.0,0.0,0.0,0.0,0.0,0.0,0.0,0.0
22.613956562545564,30.0,0.0,30.0,0.0,0.0,0.0,0.0,0.0,0.0,0.0,30.0,30.0,0.0,0.0,30.0,0.0,0.0,0.0,0.0,0.0,0.0,0.0,0.0,30.0,0.0,0.0,0.0,30.0,0.0,0.0,24.0,30.0,0.0,0.0,0.0,0.0,0.0,0.0,0.0,30.0,0.0,0.0,0.0,30.0,0.0,28.0,0.0,0.0,0.0,0.0,0.0,0.0,0.0,0.0,0.0,0.0
22.617802064948611,30.0,0.0,30.0,0.0,0.0,0.0,0.0,0.0,0.0,0.0,30.0,30.0,0.0,0.0,30.0,0.0,0.0,0.0,0.0,0.0,0.0,0.0,0.0,30.0,0.0,0.0,0.0,30.0,0.0,0.0,0.0,30.0,0.0,0.0,0.0,0.0,0.0,0.0,0.0,30.0,0.0,0.0,0.0,30.0,0.0,28.0,0.0,0.0,0.0,0.0,0.0,0.0,0.0,0.0,0.0,0.0
22.863742358088494,30.0,0.0,30.0,0.0,0.0,0.0,0.0,0.0,0.0,0.0,28.0,30.0,0.0,0.0,30.0,0.0,0.0,0.0,0.0,0.0,0.0,0.0,0.0,30.0,0.0,0.0,0.0,30.0,0.0,0.0,0.0,30.0,0.0,0.0,0.0,0.0,0.0,0.0,0.0,30.0,0.0,0.0,0.0,30.0,0.0,28.0,0.0,0.0,0.0,0.0,0.0,0.0,0.0,0.0,0.0,0.0
22.865487293137445,30.0,0.0,30.0,0.0,0.0,0.0,0.0,0.0,0.0,0.0,28.0,30.0,0.0,0.0,30.0,0.0,0.0,0.0,0.0,0.0,0.0,0.0,0.0,0.0,0.0,0.0,0.0,30.0,0.0,0.0,0.0,30.0,0.0,0.0,0.0,0.0,0.0,0.0,0.0,30.0,0.0,0.0,0.0,30.0,0.0,28.0,0.0,0.0,0.0,0.0,0.0,0.0,0.0,0.0,0.0,0.0
22.866059157450994,30.0,0.0,30.0,0.0,0.0,0.0,0.0,0.0,0.0,0.0,28.0,30.0,0.0,0.0,30.0,0.0,0.0,0.0,0.0,0.0,0.0,0.0,0.0,0.0,0.0,0.0,0.0,30.0,0.0,0.0,0.0,30.0,0.0,0.0,0.0,0.0,0.0,0.0,0.0,30.0,0.0,0.0,0.0,30.0,0.0,0.0,0.0,0.0,0.0,0.0,0.0,0.0,0.0,0.0,0.0,0.0
23.113687420752314,30.0,0.0,30.0,0.0,0.0,0.0,0.0,0.0,0.0,0.0,28.0,5.0,0.0,0.0,30.0,0.0,0.0,0.0,0.0,0.0,0.0,0.0,0.0,0.0,0.0,0.0,0.0,30.0,0.0,0.0,0.0,30.0,0.0,0.0,0.0,0.0,0.0,0.0,0.0,30.0,0.0,0.0,0.0,30.0,0.0,0.0,0.0,0.0,0.0,0.0,0.0,0.0,0.0,0.0,0.0,0.0
23.114041536913978,30.0,0.0,30.0,0.0,0.0,0.0,0.0,0.0,0.0,0.0,0.0,5.0,0.0,0.0,30.0,0.0,0.0,0.0,0.0,0.0,0.0,0.0,0.0,0.0,0.0,0.0,0.0,30.0,0.0,0.0,0.0,30.0,0.0,0.0,0.0,0.0,0.0,0.0,0.0,30.0,0.0,0.0,0.0,30.0,0.0,0.0,0.0,0.0,0.0,0.0,0.0,0.0,0.0,0.0,0.0,0.0
23.363646158509784,30.0,0.0,30.0,0.0,0.0,0.0,0.0,0.0,0.0,0.0,0.0,5.0,0.0,0.0,30.0,0.0,0.0,0.0,0.0,0.0,0.0,0.0,0.0,0.0,0.0,0.0,0.0,27.0,0.0,0.0,0.0,30.0,0.0,0.0,0.0,0.0,0.0,0.0,0.0,30.0,0.0,0.0,0.0,30.0,0.0,0.0,0.0,0.0,0.0,0.0,0.0,0.0,0.0,0.0,0.0,0.0
23.363865583075418,30.0,0.0,30.0,0.0,0.0,0.0,0.0,0.0,0.0,0.0,0.0,0.0,0.0,0.0,30.0,0.0,0.0,0.0,0.0,0.0,0.0,0.0,0.0,0.0,0.0,0.0,0.0,27.0,0.0,0.0,0.0,30.0,0.0,0.0,0.0,0.0,0.0,0.0,0.0,30.0,0.0,0.0,0.0,30.0,0.0,0.0,0.0,0.0,0.0,0.0,0.0,0.0,0.0,0.0,0.0,0.0
23.364153617090649,30.0,0.0,30.0,0.0,0.0,0.0,0.0,0.0,0.0,0.0,0.0,0.0,0.0,0.0,30.0,0.0,0.0,0.0,0.0,0.0,0.0,0.0,0.0,0.0,0.0,0.0,0.0,27.0,0.0,0.0,0.0,0.0,0.0,0.0,0.0,0.0,0.0,0.0,0.0,30.0,0.0,0.0,0.0,30.0,0.0,0.0,0.0,0.0,0.0,0.0,0.0,0.0,0.0,0.0,0.0,0.0
23.613672022885746,30.0,0.0,30.0,0.0,0.0,0.0,0.0,0.0,0.0,0.0,0.0,0.0,0.0,0.0,30.0,0.0,0.0,0.0,0.0,0.0,0.0,0.0,0.0,0.0,0.0,0.0,0.0,8.0,0.0,0.0,0.0,0.0,0.0,0.0,0.0,0.0,0.0,0.0,0.0,30.0,0.0,0.0,0.0,30.0,0.0,0.0,0.0,0.0,0.0,0.0,0.0,0.0,0.0,0.0,0.0,0.0
