interval_start_s,interval_end_s,baseline_gbps,solution_gbps,simulated_lost_gbit,mean_connected_ues,mean_active_pci,simulated_handovers,data_kind
0,900,9.425144539887036,9.423174078440395,1.773415301977752,739.9999999999999,12.679118953280973,4437,simulated_trace_replay
900,1800,9.30024756600689,9.300041814985173,0.1851759195450951,730.426735218509,6.815342308415307,381,simulated_trace_replay
1800,2700,9.018584049525495,9.018385922414495,0.17831439990105538,709.7352185089974,6.070764085981581,382,simulated_trace_replay
2700,3600,8.457799432851779,8.457799432851779,0.0,669.0,5.0,0,simulated_trace_replay
3600,4500,8.457799432851779,8.457799432851779,0.0,669.0,5.0,0,simulated_trace_replay
4500,5400,7.956416595804411,7.956347211272167,0.062446079019595424,627.0925449871464,4.8321893829769555,124,simulated_trace_replay
5400,6300,7.354696010953198,7.354696010953198,0.0,576.2956298200514,4.0,0,simulated_trace_replay
6300,7200,7.109120308922222,7.108955603136202,0.14823520741818183,556.9074550128536,4.506321923467848,288,simulated_trace_replay
7200,8100,6.8992758829593885,6.899212053433357,0.05744657342760635,541.0,4.939691665172577,108,simulated_trace_replay
8100,9000,6.5725872748427365,6.5724406599098275,0.13195343961823816,514.9177377892031,4.468140842384762,257,simulated_trace_replay
9000,9900,6.0108211528435955,6.010769180510859,0.046775099461855964,470.84575835475573,4.856603217654756,89,simulated_trace_replay
9900,10800,5.614870354105378,5.614765611893736,0.09426799047704078,441.0,4.203733282619052,176,simulated_trace_replay
10800,11700,5.646783531163163,5.646783531163163,0.0,446.3033419023136,4.0,0,simulated_trace_replay
11700,12600,5.252494095777667,5.252436318995742,0.05199910373293546,412.92030848329057,3.8740919184684732,100,simulated_trace_replay
12600,13500,4.880511133730624,4.880511133730624,0.0,383.6349614395886,3.0,0,simulated_trace_replay
13500,14400,4.513236402101029,4.513236402101029,0.0,356.0,3.0,0,simulated_trace_replay
14400,15300,4.513236402101029,4.513236402101029,0.0,356.0,3.0,0,simulated_trace_replay
15300,16200,4.513236402101029,4.513236402101029,0.0,356.0,3.0,0,simulated_trace_replay
16200,17100,4.368810666522543,4.368810666522543,0.0,342.2159383033419,3.0,0,simulated_trace_replay
17100,18000,4.366548122362045,4.366548122362045,0.0,342.0,3.0,0,simulated_trace_replay
18000,18900,4.366548122362044,4.366548122362044,0.0,342.0,3.0,0,simulated_trace_replay
18900,19800,4.006387194529259,4.006387194529259,0.0,314.71465295629815,3.0,0,simulated_trace_replay
19800,20700,4.250955257945909,4.250955257945909,0.0,333.5012853470437,3.0,0,simulated_trace_replay
20700,21600,4.361722270670937,4.361722270670937,0.0,342.0,3.0,0,simulated_trace_replay
21600,22500,4.261079443451467,4.261079443451467,0.0,333.4781491002571,3.0,0,simulated_trace_replay
22500,23400,4.17222593649393,4.17222593649393,0.0,325.7763496143958,3.0,0,simulated_trace_replay
23400,24300,4.043311420525819,4.043311420525819,0.0,313.0,3.0,0,simulated_trace_replay
24300,25200,3.974507701382385,3.974507701382385,0.0,306.8097686375321,3.0,0,simulated_trace_replay
25200,26100,3.8877030092072395,3.8877030092072395,0.0,299.0,3.0,0,simulated_trace_replay
26100,27000,3.887703009207239,3.887703009207239,0.0,299.0,3.0,0,simulated_trace_replay
27000,27900,4.224123633110059,4.224123633110059,0.0,321.6735218508999,3.0,0,simulated_trace_replay
27900,28800,3.9782742913613154,3.9782742913613154,0.0,299.3598971722364,3.0,0,simulated_trace_replay
28800,29700,4.053006770681468,4.053006770681468,0.0,303.7866323907456,3.0,0,simulated_trace_replay
29700,30600,4.172433499899929,4.172433499899929,0.0,313.0,3.0,0,simulated_trace_replay
30600,31500,4.17243349989993,4.17243349989993,0.0,313.0,3.0,0,simulated_trace_replay
31500,32400,4.210459190040873,4.210459190040873,0.0,316.0231362467867,3.0,0,simulated_trace_replay
32400,33300,4.3485286601954805,4.348481167575497,0.04274335798535949,327.0,3.2561385419633653,82,simulated_trace_replay
33300,34200,5.316146641574554,5.316051625838582,0.08551416237532268,411.4524421593832,4.204742173088921,165,simulated_trace_replay
34200,35100,5.566390793647738,5.566340960080129,0.044850210848805416,431.06940874036025,4.256250779098934,83,simulated_trace_replay
35100,36000,6.24748928284514,6.247372421925325,0.10517482783341672,484.0,4.273081096543214,192,simulated_trace_replay
36000,36900,6.69828179148537,6.69828179148537,0.0,524.3470437017995,5.0,0,simulated_trace_replay
36900,37800,6.844099702069205,6.844099702069205,0.0,536.8611825192802,5.0,0,simulated_trace_replay
37800,38700,6.968170027201576,6.9680422077648645,0.11503749304049274,548.7377892030848,4.895086503823598,218,simulated_trace_replay
38700,39600,7.298998002220763,7.298940457695709,0.051790072549059776,575.7814910025708,5.047374095122019,100,simulated_trace_replay
39600,40500,7.663471946357971,7.6634127892734485,0.05324137606998418,602.6426735218511,5.289066847695245,99,simulated_trace_replay
40500,41400,7.835824470966513,7.835824470966513,0.0,613.3676092544987,5.0,0,simulated_trace_replay
41400,42300,8.036392853476887,8.036392853476887,0.0,627.6580976863755,5.0,0,simulated_trace_replay
42300,43200,8.333478314468136,8.333478314468136,0.0,649.0616966580977,5.0,0,simulated_trace_replay
43200,44100,8.626331192464699,8.626331192464699,0.0,669.0,5.0,0,simulated_trace_replay
44100,45000,8.719241275409038,8.719241275409038,0.0,676.8457583547558,5.0,0,simulated_trace_replay
45000,45900,9.051348569554435,9.05127681914486,0.06457536861684796,704.3958868894604,5.25586370839013,119,simulated_trace_replay
45900,46800,9.311706685682154,9.311706685682154,0.0,722.508997429306,6.0,0,simulated_trace_replay
46800,47700,9.367590712121263,9.367590712121263,0.0,726.0,6.0,0,simulated_trace_replay
47700,48600,9.367590712121263,9.367590712121263,0.0,726.0,6.0,0,simulated_trace_replay
48600,49500,9.367590712121263,9.367590712121263,0.0,726.0,6.0,0,simulated_trace_replay
49500,50400,9.522503805201154,9.522503805201154,0.0,737.2287917737791,6.0,0,simulated_trace_replay
50400,51300,9.870971752287392,9.870578019499895,0.3543595087477171,764.4293059125966,5.999989058176684,1005,simulated_trace_replay
51300,52200,12.88103543011586,12.880783571383938,0.2266728587287229,994.2699228791781,7.336438963413246,459,simulated_trace_replay
52200,53100,16.049507917612747,16.049303498970175,0.18397677831546178,1234.2159383033375,7.168733842372903,347,simulated_trace_replay
53100,54000,12.358236100671666,12.358236100671666,0.0,941.5835475578406,6.0,0,simulated_trace_replay
54000,54900,12.957779263179049,12.957568689507251,0.18951630461710195,986.3059125964016,6.741088778442815,381,simulated_trace_replay
54900,55800,13.89208181137158,13.89208181137158,0.0,1058.2185089974298,7.0,0,simulated_trace_replay
55800,56700,14.35493706494225,14.354857415780762,0.07168424533792736,1096.0,7.5451134774419994,137,simulated_trace_replay
56700,57600,16.245316732822868,16.245238731767238,0.07020095006625195,1252.0514138817498,8.545255431863996,139,simulated_trace_replay
57600,58500,18.742054798241387,18.742054798241387,0.0,1442.0231362467878,9.0,0,simulated_trace_replay
58500,59400,21.673717054051398,21.673444099940664,0.24565869965827636,1669.0359897172243,9.495487796730474,486,simulated_trace_replay
59400,60300,24.724658935613828,24.724358976628388,0.26996308689596404,1914.146529562984,13.089906357924159,544,simulated_trace_replay
60300,61200,27.105275901680205,27.105031508275825,0.21995406394231767,2107.0,14.148337619569567,441,simulated_trace_replay
61200,62100,31.542526659681847,31.542358215647567,0.15159963085007053,2458.3804627249383,16.088733121554057,298,simulated_trace_replay
62100,63000,33.23809098742102,33.23800604263708,0.07645030554261514,2586.13881748072,17.54421568711598,142,simulated_trace_replay
63000,63900,37.52840246903492,37.52823271337209,0.1527800965453225,2917.2879177377918,19.08797284735573,295,simulated_trace_replay
63900,64800,43.10849712646112,43.10832230249518,0.15734156934132615,3349.9768637532156,21.087519344223878,315,simulated_trace_replay
64800,65700,53.706011213270266,53.70544235764188,0.5119700655470062,4166.254498714668,25.26001441452239,992,simulated_trace_replay
65700,66600,70.18083191048039,70.18010486437274,0.6543414968904003,5445.7146529563215,32.33656526539059,1331,simulated_trace_replay
66600,67500,82.8349133519027,82.83430226255828,0.5499804099837863,6424.763496143961,39.78685424990121,1125,simulated_trace_replay
67500,68400,90.6777631856518,90.6776415914695,0.10943476405585423,7024.624678663218,42.897943795786965,212,simulated_trace_replay
68400,69300,76.04381966210323,76.04320142190043,0.5564161825195044,5893.0,39.86157212734219,1055,simulated_trace_replay
69300,70200,76.17340197698117,76.17302360064038,0.3405387066984238,5902.886889460171,36.29523127926722,663,simulated_trace_replay
70200,71100,83.60425687368351,83.60381407966783,0.3985146141186795,6469.444730077112,32.573360849221565,790,simulated_trace_replay
71100,72000,76.87477704793281,76.87437687469087,0.36015591774685973,5952.920308483292,34.06680741204158,687,simulated_trace_replay
72000,72900,78.6437799767255,78.64357522135423,0.1842798341368192,6093.231362467889,33.04057558112676,355,simulated_trace_replay
72900,73800,94.87223903940324,94.87184663659534,0.35316252712018226,7359.0,30.698934069209628,699,simulated_trace_replay
73800,74700,106.67145286754885,106.67079179500759,0.5949652871400597,8287.020565552675,32.69351223892636,1130,simulated_trace_replay
74700,75600,79.11037073494587,79.10961684178612,0.6785038437638338,6182.105398457582,42.99471710072622,1519,simulated_trace_replay
75600,76500,66.49599530871473,66.49583567529722,0.14367007576023,5187.0925449871465,41.654505235619034,271,simulated_trace_replay
76500,77400,64.29258483229465,64.29049695276747,1.8790915744649956,5006.352185089981,31.250792175398917,3749,simulated_trace_replay
77400,78300,83.27870472602072,83.27782993354293,0.7873132300096809,6509.547557840626,34.33254268725713,1525,simulated_trace_replay
78300,79200,77.10315441803685,77.10298242271493,0.15479578972564603,5978.652956298144,37.65025152921677,297,simulated_trace_replay
79200,80100,44.41503199832904,44.41503199832904,0.0,3459.0,36.0,0,simulated_trace_replay
80100,81000,27.977061320906397,27.975301290164552,1.5840276676611196,2167.0719794344295,22.67085423866903,3074,simulated_trace_replay
81000,81900,21.011651995268103,21.01120559993113,0.4017558032770967,1626.9794344472969,10.106427395343715,779,simulated_trace_replay
81900,82800,16.34413444096985,16.34398965268084,0.13030946010736089,1262.3727506426696,9.926185802353753,247,simulated_trace_replay
82800,83700,12.838206555418632,12.838134787185654,0.06459140967964816,987.0591259640081,8.45616614765591,121,simulated_trace_replay
83700,84600,9.783212831238675,9.78309901804463,0.10243187463945999,755.5835475578407,6.9120768006642495,196,simulated_trace_replay
84600,85500,8.77712771306115,8.77712771306115,0.0,674.516709511568,6.0,0,simulated_trace_replay
85500,86400,8.372847772223311,8.372847772223311,0.0,643.6632390745499,6.0,0,simulated_trace_replay
